House_ID,Area_sqft,Bedrooms,Bathrooms,Age_years,Location,Garage,Floors,Distance_to_City_km,Price
H001,1200,3,2,10,Ludhiana,1,1,5.2,5200000
H002,1500,3,2,8,Chandigarh,1,2,7.1,7800000
H003,950,2,1,15,Amritsar,0,1,4.5,3500000
H004,1800,4,3,5,Mohali,1,2,8.3,9200000
H005,1100,2,2,12,Jalandhar,1,1,3.8,4100000
H006,2200,4,3,3,Chandigarh,1,2,6.4,11500000
H007,1350,3,,9,Ludhiana,1,1,4.9,5700000
H008,1000,2,1,20,Amritsar,0,1,6.2,3100000
H009,1650,3,2,7,Mohali,1,2,9.1,8500000
H010,,4,3,4,Chandigarh,1,2,5.7,10800000
H011,1250,3,2,11,Jalandhar,1,1,4.1,4600000
H012,1450,3,2,6,Ludhiana,1,2,,6300000
H013,900,2,1,18,Amritsar,0,1,7.3,2900000
H014,2000,4,3,2,Mohali,1,2,6.8,10500000
H015,1150,2,2,14,Jalandhar,1,1,5.5,3900000
H016,1750,3,3,5,Chandigarh,1,2,4.8,9700000
H017,1300,3,2,,Ludhiana,1,1,6.1,5400000
H018,1050,2,1,16,Amritsar,0,1,5.9,3300000
H019,1550,3,2,9,Mohali,1,,7.6,7900000
H020,2100,4,3,1,Chandigarh,1,2,4.2,12500000
H021,1180,2,2,13,Jalandhar,,1,3.7,4200000
H022,1400,3,2,8,Ludhiana,1,2,5.8,6100000
H023,980,2,1,22,Amritsar,0,1,8.1,2700000
H024,1900,4,3,6,Mohali,1,2,7.2,9800000
H025,1250,3,2,10,Jalandhar,1,1,,4500000
H026,1600,,2,7,Chandigarh,1,2,5.3,8300000
H027,1080,2,1,17,Ludhiana,0,1,6.7,3600000
H028,1850,4,3,4,Mohali,1,2,8.5,9400000
H029,1320,3,2,12,Jalandhar,1,1,4.6,4800000
H030,2300,5,4,2,Chandigarh,1,2,3.9,13800000
H031,1150,2,1,19,Amritsar,0,1,7.8,3000000
H032,,3,2,8,Ludhiana,1,1,5.6,5500000
H033,1480,3,2,6,Mohali,1,2,6.9,7600000
H034,1020,2,,15,Jalandhar,0,1,4.3,3400000
H035,1720,4,3,5,Chandigarh,1,2,5.1,10100000
H036,1280,3,2,9,Ludhiana,1,1,6.4,5300000
H037,940,2,1,21,Amritsar,0,1,9.2,2800000
H038,1950,4,3,,Mohali,1,2,7.8,9900000
H039,1380,3,2,11,Jalandhar,1,1,4.9,4700000
H040,2050,4,3,3,Chandigarh,1,2,4.7,11900000
H041,1120,2,2,14,Ludhiana,1,1,5.9,4000000
H042,1580,3,2,7,Mohali,1,,6.5,8100000
H043,890,2,1,24,Amritsar,0,1,8.7,2500000
H044,1880,4,3,5,Chandigarh,1,2,,10300000
H045,1210,3,2,12,Jalandhar,1,1,4.0,4400000
H046,1500,3,2,8,Ludhiana,1,2,5.4,
H047,1070,2,1,18,Amritsar,0,1,7.1,3200000
H048,1780,4,3,4,Mohali,1,2,8.0,9300000
H049,1340,,2,10,Jalandhar,1,1,4.8,4600000
H050,2150,4,3,2,Chandigarh,1,2,4.1,12700000
