Id,MSSubClass,MSZoning,LotFrontage,Alley,LandSlope,HouseStyle,OverallCond,YearBuilt,RoofStyle,MasVnrType,MasVnrArea,Foundation,BsmtExposure,BsmtFinSF1,TotalBsmtSF,Electrical,1stFlrSF,2ndFlrSF,LowQualFinSF,KitchenAbvGr,TotRmsAbvGrd,Fireplaces,GarageCars,GarageArea,PavedDrive,EnclosedPorch,PoolQC,Fence,MiscFeature,MiscVal,SaleCondition,SalePrice
1,60,RL,65,,Gtl,2Story,5,2003,Gable,BrkFace,196,PConc,No,706,856,SBrkr,856,854,0,1,8,0,2,,Y,0,,,,0,Normal,208500
2,20,RL,80,,Gtl,1Story,8,1976,Gable,,0,CBlock,Gd,978,1262,SBrkr,1262,0,0,1,6,1,2,460,Y,0,,,,0,Normal,181500
3,60,RL,68,,Gtl,2Story,5,2001,Gable,BrkFace,162,PConc,Mn,486,920,SBrkr,920,866,0,1,6,1,2,608,Y,0,,,,0,Normal,223500
4,70,RL,60,,Gtl,2Story,5,1915,Gable,,0,BrkTil,No,216,756,SBrkr,961,756,0,1,7,1,3,642,Y,272,,,,0,Abnorml,140000
5,60,RL,84,,Gtl,2Story,5,2000,Gable,BrkFace,350,PConc,Av,655,1145,SBrkr,1145,1053,0,1,9,1,3,836,Y,0,,,,0,Normal,250000
6,50,RL,85,,Gtl,1.5Fin,5,1993,Gable,,0,Wood,No,732,796,SBrkr,796,566,0,1,5,0,2,480,Y,0,,MnPrv,Shed,700,Normal,143000
7,20,RL,75,,Gtl,1Story,5,2004,Gable,Stone,186,PConc,Av,1369,1686,SBrkr,1694,0,0,1,7,1,2,636,Y,0,,,,0,Normal,307000
8,60,RL,,,Gtl,2Story,6,1973,Gable,Stone,240,CBlock,Mn,859,1107,SBrkr,1107,983,0,1,7,2,2,484,Y,228,,,Shed,350,Normal,200000
9,50,RM,51,,Gtl,1.5Fin,5,1931,Gable,,,BrkTil,No,0,952,FuseF,1022,752,0,2,8,2,2,468,Y,205,,,,0,Abnorml,129900
10,190,RL,50,,Gtl,1.5Unf,6,1939,Gable,,0,BrkTil,No,851,991,SBrkr,1077,0,0,2,5,2,1,205,Y,0,,,,0,Normal,118000
11,20,RL,70,,Gtl,1Story,5,,Hip,,0,CBlock,No,906,1040,SBrkr,1040,0,0,1,5,0,,384,Y,0,,,,0,Normal,129500
12,60,RL,85,,Gtl,2Story,5,2005,Hip,Stone,,PConc,No,998,1175,SBrkr,1182,1142,0,1,11,2,3,736,Y,0,,,,0,Partial,345000
13,20,RL,,,Gtl,1Story,6,1962,Hip,,0,CBlock,No,737,912,SBrkr,912,0,0,1,4,0,1,352,Y,0,,,,0,Normal,144000
14,20,RL,91,,Gtl,1Story,5,2006,Gable,Stone,,PConc,Av,0,,SBrkr,1494,0,0,1,7,1,3,840,Y,0,,,,0,Partial,279500
15,20,RL,,,Gtl,1Story,5,1960,Hip,BrkFace,212,CBlock,No,733,1253,SBrkr,1253,0,0,1,5,1,1,352,Y,176,,GdWo,,0,Normal,157000
16,45,RM,51,,Gtl,1.5Unf,8,1929,Gable,,0,BrkTil,No,0,832,FuseA,854,0,0,1,5,0,2,576,Y,0,,GdPrv,,0,Normal,132000
17,20,RL,,,Gtl,1Story,7,1970,Gable,BrkFace,180,CBlock,No,578,1004,SBrkr,,0,0,1,5,1,2,480,Y,0,,,Shed,700,Normal,149000
18,90,RL,72,,Gtl,1Story,5,1967,Gable,,0,Slab,,0,0,SBrkr,1296,0,0,2,6,0,2,516,Y,0,,,Shed,500,Normal,90000
19,20,RL,66,,Gtl,1Story,5,2004,Gable,,0,PConc,No,646,1114,SBrkr,1114,0,0,1,6,0,2,576,Y,0,,,,0,Normal,159000
20,20,RL,70,,Gtl,1Story,6,1958,Hip,,0,CBlock,No,,1029,SBrkr,1339,0,0,1,6,0,1,294,Y,0,,MnPrv,,0,Abnorml,139000
21,60,RL,101,,Gtl,2Story,5,2005,Gable,BrkFace,380,PConc,Av,0,1158,SBrkr,1158,1218,0,1,9,1,3,853,Y,0,,,,0,Partial,325300
22,45,RM,57,Grvl,Gtl,1.5Unf,7,1930,Gable,,0,PConc,No,,637,FuseF,1108,0,0,1,6,1,1,280,N,205,,GdPrv,,0,Normal,139400
23,20,RL,75,,Gtl,1Story,5,2002,Hip,BrkFace,281,PConc,No,0,,SBrkr,,0,0,1,7,1,2,534,Y,0,,,,0,Normal,230000
24,120,RM,44,,Gtl,1Story,7,,Gable,,0,PConc,No,840,,SBrkr,,0,0,1,6,1,2,572,Y,0,,,,0,Normal,129900
25,20,RL,,,Gtl,1Story,8,1968,Gable,,0,CBlock,Mn,188,1060,SBrkr,1060,0,0,1,6,1,1,270,Y,0,,MnPrv,,0,Normal,154000
26,20,RL,110,,Gtl,1Story,5,2007,Gable,Stone,,PConc,No,,1566,SBrkr,1600,0,0,1,7,1,3,890,Y,0,,,,0,Normal,256300
27,20,RL,60,,Gtl,1Story,7,1951,Gable,,0,CBlock,Mn,,900,SBrkr,900,0,0,1,5,0,2,576,Y,0,,,,0,Normal,134800
28,20,RL,98,,Gtl,1Story,5,2007,Gable,Stone,200,PConc,No,1218,1704,SBrkr,1704,0,0,1,7,1,3,772,Y,0,,,,0,Normal,306000
29,20,RL,47,,Gtl,1Story,6,1957,Gable,,0,CBlock,Gd,1277,1484,SBrkr,1600,0,0,1,6,2,1,319,Y,0,,,,0,Normal,207500
30,30,RM,60,,Gtl,1Story,6,1927,Gable,,0,BrkTil,No,,520,SBrkr,520,0,0,1,4,0,1,240,Y,87,,,,0,Normal,68500
31,70,C (all),50,Pave,Gtl,2Story,4,1920,Gambrel,,0,BrkTil,No,0,649,SBrkr,,668,0,1,6,0,1,250,N,172,,MnPrv,,0,Normal,40000
32,20,RL,,,Gtl,1Story,6,1966,Gable,,0,CBlock,No,0,1228,SBrkr,1228,0,0,1,6,0,1,271,Y,0,,MnPrv,,0,Normal,149350
33,20,RL,85,,Gtl,1Story,5,2007,Gable,,0,PConc,Av,0,,SBrkr,1234,0,0,1,7,0,2,484,Y,0,,,,0,Normal,179900
34,20,RL,70,,Gtl,1Story,5,1959,Hip,,0,CBlock,No,1018,1398,SBrkr,1700,0,0,1,6,1,2,447,Y,0,,,,0,Normal,165500
35,120,RL,60,,Gtl,1Story,5,2005,Hip,BrkFace,246,PConc,No,1153,1561,SBrkr,1561,0,0,1,6,1,2,556,Y,0,,,,0,Normal,277500
36,60,RL,108,,Gtl,2Story,5,,Gable,Stone,,PConc,Av,0,1117,SBrkr,1132,1320,0,1,9,1,3,691,Y,0,,,,0,Normal,309000
37,20,RL,112,,Gtl,1Story,5,1994,Gable,,0,PConc,No,0,1097,SBrkr,1097,0,0,1,6,0,2,,Y,0,,,,0,Normal,145000
38,20,RL,74,,Gtl,1Story,6,1954,Hip,BrkFace,,CBlock,No,1213,1297,SBrkr,1297,0,0,1,5,1,2,,Y,0,,,,0,Normal,153000
39,20,RL,68,,Gtl,1Story,7,1953,Gable,,,CBlock,No,731,1057,SBrkr,1057,0,0,1,5,0,1,246,Y,0,,,,0,Abnorml,109000
40,90,RL,65,,Gtl,1Story,5,1955,Gable,,,PConc,,0,0,FuseP,1152,0,0,2,6,0,0,0,N,0,,,,0,AdjLand,82000
41,20,RL,84,,Gtl,1Story,5,1965,Gable,BrkFace,101,CBlock,No,643,1088,SBrkr,1324,0,0,1,6,1,2,440,Y,0,,GdWo,,0,Abnorml,160000
42,20,RL,115,,Gtl,1Story,6,,Gable,,,CBlock,Gd,967,1350,SBrkr,1328,0,0,1,5,2,1,308,P,0,,,,0,Normal,170000
43,85,RL,,,Gtl,SFoyer,7,1983,Gable,,0,CBlock,Av,747,840,SBrkr,884,0,0,1,5,0,2,504,Y,0,,MnPrv,,0,Normal,144000
44,20,RL,,,Gtl,1Story,6,1975,Hip,,0,CBlock,Av,280,938,SBrkr,938,0,0,1,5,0,1,308,Y,0,,MnPrv,,0,Normal,130250
45,20,RL,70,,Gtl,1Story,6,1959,Gable,,,CBlock,No,179,1150,FuseA,1150,0,0,1,6,0,1,300,Y,0,,,,0,Normal,141000
46,120,RL,61,,Gtl,1Story,5,2005,Hip,BrkFace,412,PConc,No,456,1752,SBrkr,1752,0,0,1,6,1,2,576,Y,0,,,,0,Normal,319900
47,50,RL,48,,Gtl,1.5Fin,5,2003,Gable,,,PConc,No,1351,1434,SBrkr,1518,631,0,1,6,1,2,670,Y,0,,,,0,Abnorml,239686
48,20,FV,84,,Gtl,1Story,5,2006,Gable,,0,PConc,Av,24,1656,SBrkr,1656,0,0,1,7,0,3,826,Y,0,,,,0,Normal,249700
49,190,RM,33,,Gtl,2Story,5,1920,Gable,,0,BrkTil,No,0,,SBrkr,736,716,0,3,8,0,0,0,N,102,,,,0,Partial,113000
50,20,RL,66,,Gtl,1Story,7,1966,Gable,,0,CBlock,No,763,955,SBrkr,955,0,0,1,6,0,1,386,Y,0,,MnPrv,,0,Normal,127000
51,60,RL,,,Gtl,2Story,6,1997,Gable,,0,PConc,Av,182,794,SBrkr,794,676,0,1,6,0,2,388,Y,0,,,,0,Normal,177000
52,50,RM,52,,Gtl,1.5Fin,6,,Gable,,0,PConc,No,0,816,SBrkr,816,0,360,1,6,1,2,528,Y,0,,MnPrv,Shed,400,Normal,114500
53,90,RM,110,,Mod,1Story,5,1963,Gable,,0,CBlock,Gd,104,816,SBrkr,,0,0,1,5,0,2,516,Y,0,,,,0,Normal,110000
54,20,RL,68,,Gtl,1Story,5,1981,Gable,,0,CBlock,Gd,,1842,SBrkr,1842,0,0,1,5,1,3,894,Y,0,,,,0,Normal,385000
55,80,RL,60,,Mod,SLvl,5,1955,Gable,,0,CBlock,No,384,,SBrkr,1360,0,0,1,6,1,2,572,Y,0,,MnPrv,,0,Normal,130000
56,20,RL,100,,Gtl,1Story,5,1964,Gable,BrkFace,272,CBlock,No,490,1425,SBrkr,1425,0,0,1,7,1,2,,Y,0,,,,0,Normal,180500
57,160,FV,24,Pave,Gtl,2Story,5,1999,Gable,BrkFace,,PConc,No,649,970,SBrkr,983,756,0,1,7,0,2,480,Y,0,,,,0,Abnorml,172500
58,60,RL,89,,Gtl,2Story,5,2004,Gable,,,PConc,No,0,860,SBrkr,860,860,0,1,7,0,2,565,Y,0,,,,0,Normal,196500
59,60,RL,66,,Gtl,2Story,5,2006,Hip,BrkFace,1031,PConc,Gd,0,1410,SBrkr,1426,1519,0,1,10,1,3,641,Y,37,,,,0,Partial,438780
60,20,RL,60,,Gtl,1Story,7,1972,Gable,,0,CBlock,Av,632,780,SBrkr,,0,0,1,4,0,1,352,Y,0,,MnPrv,,0,Normal,124900
61,20,RL,63,,Gtl,1Story,5,2004,Gable,,0,PConc,No,941,1158,SBrkr,1158,0,0,1,5,0,,576,Y,0,,,,0,Partial,158000
62,75,RM,60,,Gtl,2.5Unf,7,1920,Gable,,0,BrkTil,No,0,530,SBrkr,581,530,0,1,6,0,1,288,N,144,,,,0,Normal,101000
63,120,RL,44,,Gtl,1Story,5,2006,Gable,Stone,178,PConc,Mn,24,1370,SBrkr,1370,0,0,1,6,1,2,,Y,0,,,,0,Normal,202500
64,70,RM,50,,Gtl,2Story,6,1921,Gable,,0,BrkTil,No,0,576,SBrkr,902,808,0,1,9,0,2,,Y,64,,GdPrv,,0,Normal,140000
65,60,RL,,,Gtl,2Story,5,1997,Gable,BrkFace,573,PConc,No,739,1057,SBrkr,1057,977,0,1,8,0,2,645,Y,0,,GdPrv,,0,Normal,219500
66,60,RL,76,,Gtl,2Story,5,2004,Gable,BrkFace,344,PConc,Av,0,1143,SBrkr,,1330,0,1,9,1,3,852,Y,0,,,,0,Normal,317000
67,20,RL,,,Gtl,1Story,5,1970,Gable,BrkFace,287,CBlock,Gd,912,,SBrkr,2207,0,0,1,7,1,,576,Y,0,,,,0,Normal,180000
68,20,RL,72,,Gtl,1Story,5,2003,Gable,BrkFace,167,PConc,Av,,1453,SBrkr,1479,0,0,1,7,0,2,558,Y,0,,,,0,Normal,226000
69,30,RM,47,,Gtl,1Story,6,1945,Gable,,0,CBlock,No,0,747,SBrkr,747,0,0,1,4,0,1,220,Y,0,,,,0,Normal,80000
70,50,RL,81,,Gtl,1.5Fin,4,1953,Gable,,,CBlock,No,603,1304,SBrkr,1304,983,0,1,7,1,,667,Y,114,,,,0,Normal,225000
71,20,RL,95,,Gtl,1Story,6,1973,Gable,BrkFace,1115,CBlock,Gd,1880,2223,SBrkr,2223,0,0,1,8,2,2,516,Y,0,,,,0,Normal,244000
72,20,RL,69,,Gtl,1Story,6,,Gable,,0,CBlock,No,565,845,SBrkr,845,0,0,1,4,0,2,360,Y,0,,,,0,Normal,129500
73,60,RL,74,,Gtl,2Story,5,1998,Gable,BrkFace,40,PConc,No,0,832,SBrkr,885,833,0,1,7,1,2,427,Y,0,,,,0,Normal,185000
74,20,RL,85,,Gtl,1Story,7,1954,Gable,BrkFace,104,CBlock,No,320,1086,SBrkr,1086,0,0,1,6,0,2,490,Y,0,,GdWo,,0,Normal,144900
75,50,RM,60,,Gtl,2Story,6,1915,Gambrel,,0,CBlock,No,0,840,SBrkr,840,765,0,2,8,0,1,379,Y,202,,,,0,Normal,107400
76,180,RM,21,,Gtl,SLvl,5,1973,Gable,,0,CBlock,Gd,,462,SBrkr,526,462,0,1,5,0,1,297,Y,0,,GdWo,,0,Normal,91000
77,20,RL,,,Gtl,1Story,7,1956,Gable,,0,CBlock,No,228,952,FuseA,952,0,0,1,4,0,1,283,Y,0,,,,0,Normal,135750
78,50,RM,50,,Gtl,1.5Fin,5,1948,Gable,,0,CBlock,No,336,672,SBrkr,1072,213,0,1,6,0,1,240,Y,0,,MnPrv,,0,Normal,127000
79,90,RL,72,,Gtl,1Story,5,1968,Hip,,,CBlock,No,0,1768,SBrkr,1768,0,0,2,8,0,0,0,Y,0,,,,0,Normal,136500
80,50,RM,60,Grvl,Gtl,2Story,6,1910,Gable,,0,PConc,No,0,440,SBrkr,682,548,0,1,5,0,2,,Y,128,,MnPrv,,0,Normal,110000
81,60,RL,100,,Gtl,2Story,6,1968,Gable,BrkFace,576,CBlock,No,448,896,SBrkr,1182,960,0,1,8,1,1,509,Y,0,,,,0,Normal,193500
82,120,RM,32,,Gtl,1Story,5,1998,Hip,BrkFace,443,PConc,No,1201,1237,SBrkr,1337,0,0,1,5,0,2,405,Y,0,,,,0,Normal,153500
83,20,RL,78,,Gtl,1Story,5,2007,Gable,Stone,468,PConc,No,33,1563,SBrkr,1563,0,0,1,6,1,3,,Y,0,,,,0,Normal,245000
84,20,RL,80,,Gtl,1Story,5,1960,Gable,BrkCmn,66,CBlock,No,,1065,SBrkr,1065,0,0,1,6,0,2,461,Y,0,,,,0,Normal,126500
85,80,RL,,,Gtl,SLvl,5,1995,Gable,BrkFace,22,PConc,No,0,,SBrkr,804,670,0,1,7,1,2,400,Y,0,,,Shed,700,Normal,168500
86,60,RL,121,,Gtl,2Story,5,1991,Hip,BrkFace,284,CBlock,No,0,1288,SBrkr,1301,1116,0,1,9,1,2,462,Y,0,,,,0,Normal,260000
87,60,RL,122,,Gtl,2Story,5,,Gable,,0,PConc,Av,0,684,SBrkr,684,876,0,1,6,1,2,400,Y,0,,,,0,Normal,174000
88,160,FV,40,Pave,Gtl,2Story,5,2009,Gable,Stone,76,PConc,Av,0,612,SBrkr,612,612,0,1,4,0,,528,Y,0,,,,0,Partial,164500
89,50,C (all),105,,Gtl,1.5Fin,2,1915,Hip,,0,CBlock,No,0,1013,SBrkr,1013,0,513,1,6,0,0,0,N,156,,MnPrv,,0,Abnorml,85000
90,20,RL,60,,Gtl,1Story,5,1994,Gable,,0,PConc,No,588,990,SBrkr,990,0,0,1,5,0,0,0,Y,0,,,,0,Normal,123600
91,20,RL,60,,Gtl,1Story,5,1950,Gable,,0,Slab,,0,0,FuseA,,0,0,1,4,0,2,420,Y,0,,,,0,Normal,109900
92,20,RL,85,,Gtl,1Story,3,1961,Hip,BrkCmn,203,CBlock,No,600,,SBrkr,1235,0,0,1,6,0,2,,Y,0,,GdWo,,0,Abnorml,98600
93,30,RL,80,Grvl,Gtl,1Story,7,1921,Gable,,0,BrkTil,No,713,876,SBrkr,964,0,0,1,5,0,,432,Y,44,,,,0,Normal,163500
94,190,C (all),60,,Gtl,2.5Unf,6,1910,Hip,,0,BrkTil,Mn,,1214,SBrkr,1260,1031,0,2,9,1,2,506,Y,0,,,,0,Normal,133900
95,60,RL,69,,Gtl,2Story,5,1997,Gable,,0,PConc,No,648,824,SBrkr,905,881,0,1,7,0,2,684,Y,0,,,,0,Normal,204750
96,60,RL,,,Gtl,2Story,8,1993,Gable,BrkFace,68,PConc,No,310,680,SBrkr,,790,0,1,6,1,2,420,Y,0,,,Shed,480,Normal,185000
97,20,RL,78,,Gtl,1Story,5,1999,Gable,BrkFace,183,PConc,Av,1162,1588,SBrkr,1588,0,0,1,6,0,2,472,Y,0,,,,0,Normal,214000
98,20,RL,73,,Gtl,1Story,5,1965,Hip,BrkFace,48,CBlock,No,520,960,FuseF,960,0,0,1,6,0,1,432,P,0,,,,0,Normal,94750
99,30,RL,85,,Gtl,1Story,5,1920,Gable,,0,BrkTil,No,108,458,SBrkr,835,0,0,1,5,0,1,366,Y,77,,,Shed,400,Abnorml,83000
100,20,RL,77,,Gtl,1Story,5,1959,Gable,,0,CBlock,No,569,,SBrkr,1225,0,0,1,6,0,0,0,Y,0,,,Shed,400,Normal,128950
101,20,RL,,,Gtl,1Story,7,1977,Gable,BrkFace,28,PConc,Mn,,1610,SBrkr,1610,0,0,1,6,2,2,480,Y,0,,,,0,Normal,205000
102,60,RL,77,,Gtl,2Story,5,1985,Gable,BrkFace,336,CBlock,No,0,741,SBrkr,977,755,0,1,7,1,2,476,Y,0,,,,0,Normal,178000
103,90,RL,64,,Gtl,1Story,5,1979,Gable,,0,Slab,,0,0,SBrkr,1535,0,0,2,8,0,,,Y,0,,,,0,Alloca,118964
104,20,RL,94,,Gtl,1Story,5,2009,Gable,,0,PConc,No,0,1226,SBrkr,1226,0,0,1,6,0,3,740,Y,0,,,,0,Normal,198900
105,50,RM,,,Gtl,1.5Fin,4,1931,Gable,BrkFace,600,PConc,No,224,1040,FuseF,1226,592,0,1,7,2,1,240,Y,0,,,,0,Normal,169500
106,60,FV,75,,Gtl,2Story,5,2003,Hip,BrkFace,,PConc,No,0,1053,SBrkr,1053,939,0,1,9,1,2,648,Y,0,,,,0,Normal,250000
107,30,RM,60,Grvl,Gtl,1Story,7,1885,Mansard,,0,BrkTil,No,0,641,SBrkr,1047,0,0,1,6,0,1,273,N,0,,,Shed,450,Normal,100000
108,20,RM,50,,Gtl,1Story,5,1948,Gable,,0,CBlock,No,104,789,SBrkr,789,0,0,1,5,0,1,250,Y,0,,,,0,Partial,115000
109,50,RM,85,,Gtl,1.5Fin,7,1919,Gable,,0,CBlock,No,0,793,FuseF,997,520,0,1,7,0,0,0,N,144,,,,0,Normal,115000
110,20,RL,105,,Gtl,1Story,6,1977,Hip,BrkFace,480,CBlock,No,705,1844,SBrkr,1844,0,0,1,7,1,,546,Y,0,,MnPrv,,0,Normal,190000
111,50,RL,75,,Gtl,1.5Fin,4,1954,Gable,,0,CBlock,No,444,994,SBrkr,1216,639,0,1,7,0,1,325,Y,0,,,,0,Normal,136900
112,80,RL,,,Gtl,SLvl,5,2000,Gable,,0,PConc,No,250,384,SBrkr,774,656,0,1,7,1,2,400,Y,0,,,,0,Normal,180000
113,60,RL,77,,Gtl,2Story,5,2007,Gable,Stone,220,PConc,Av,984,1264,SBrkr,1282,1414,0,1,10,1,3,792,Y,0,,,,0,Partial,383970
114,20,RL,,,Gtl,1Story,5,1953,Hip,BrkFace,184,CBlock,Mn,35,1809,SBrkr,2259,0,0,1,7,2,2,450,Y,192,,MnPrv,,0,Abnorml,217000
115,70,RL,61,,Mod,2Story,8,,Gambrel,,0,CBlock,No,774,1028,SBrkr,,884,0,1,9,1,1,180,Y,0,,MnPrv,,0,Normal,259500
116,160,FV,34,Pave,Gtl,2Story,5,1999,Gable,BrkFace,1129,PConc,No,419,729,SBrkr,729,729,0,1,5,1,2,440,Y,0,,,,0,Normal,176000
117,20,RL,,,Gtl,1Story,5,,Gable,BrkFace,116,CBlock,No,170,1092,SBrkr,1092,0,0,1,6,1,1,288,Y,144,,,,0,Normal,139000
118,20,RL,74,,Gtl,1Story,5,2006,Gable,,0,PConc,No,0,1125,SBrkr,1125,0,0,1,5,0,2,430,Y,0,,,,0,Partial,155000
119,60,RL,90,,Gtl,2Story,5,1990,Hip,,0,PConc,Mn,,1673,SBrkr,1699,1523,0,1,11,2,,594,Y,0,,,,0,Normal,320000
120,60,RL,65,,Gtl,2Story,5,2005,Gable,,0,PConc,No,0,728,SBrkr,728,728,0,1,8,1,2,390,Y,0,,,,0,Partial,163990
121,80,RL,,,Sev,SLvl,5,1969,Flat,,0,CBlock,Gd,938,938,SBrkr,988,0,0,1,4,2,2,540,Y,0,,,,0,Normal,180000
122,50,RM,50,,Gtl,1.5Fin,5,1939,Gable,,0,PConc,No,0,732,SBrkr,772,351,0,1,4,0,1,,P,140,,MnPrv,,0,Normal,100000
123,20,RL,75,,Gtl,1Story,7,1958,Hip,BrkFace,135,CBlock,No,570,1080,SBrkr,1080,0,0,1,5,0,1,,Y,0,,,,0,Normal,136000
124,120,RL,55,,Gtl,1Story,5,1993,Gable,,0,PConc,No,300,1199,SBrkr,1199,0,0,1,5,0,2,530,Y,0,,,,0,Normal,153900
125,20,RL,48,,Gtl,1Story,5,1979,Gable,,0,CBlock,No,0,1362,SBrkr,1586,0,0,1,7,1,2,435,Y,0,,,,0,Normal,181000
126,190,RM,60,,Gtl,1.5Fin,8,1935,Gable,,0,CBlock,Av,490,520,SBrkr,520,0,234,1,5,0,0,0,N,0,,,,0,Normal,84500
127,120,RL,,,Gtl,1Story,5,1976,Gable,,0,CBlock,No,,1078,SBrkr,958,0,0,1,5,1,2,,Y,0,,,,0,Normal,128000
128,45,RM,55,,Gtl,1.5Unf,7,1930,Gable,,0,BrkTil,No,116,672,SBrkr,840,0,0,1,5,1,0,0,N,0,,,,0,Normal,87000
129,60,RL,69,,Gtl,2Story,5,1966,Gable,BrkFace,266,CBlock,No,512,660,SBrkr,660,688,0,1,6,1,,453,Y,0,,,,0,Normal,155000
130,20,RL,69,,Gtl,1Story,7,,Gable,BrkFace,85,CBlock,No,567,1008,FuseA,1053,0,0,1,6,0,2,,Y,0,,MnWw,,0,Abnorml,150000
131,60,RL,88,,Gtl,2Story,6,1966,Gable,BrkFace,309,CBlock,No,445,924,SBrkr,1216,941,0,1,8,2,2,487,Y,0,,GdPrv,,0,Normal,226000
132,60,RL,,,Gtl,2Story,5,2000,Gable,BrkFace,40,PConc,No,695,992,SBrkr,1022,1032,0,1,7,1,2,390,Y,0,,,,0,Normal,244000
133,20,RL,75,,Gtl,1Story,6,,Gable,,0,CBlock,No,405,1063,SBrkr,,0,0,1,7,0,,624,Y,0,,,,0,Normal,150750
134,20,RL,,,Gtl,1Story,5,2001,Gable,BrkFace,136,PConc,No,1005,1267,SBrkr,1296,0,0,1,6,0,2,471,Y,0,,,,0,Normal,220000
135,20,RL,78,,Gtl,1Story,6,1968,Gable,,0,CBlock,No,570,1461,SBrkr,1721,0,0,1,7,1,2,440,Y,180,,MnPrv,,0,Normal,180000
136,20,RL,80,,Gtl,1Story,6,,Hip,BrkFace,288,PConc,No,0,1304,SBrkr,1682,0,0,1,7,1,2,530,Y,0,,MnPrv,,0,Normal,174000
137,20,RL,,,Gtl,1Story,5,1967,Gable,BrkFace,196,CBlock,No,695,1214,SBrkr,1214,0,0,1,5,1,1,318,Y,0,,,,0,Normal,143000
138,90,RL,82,,Gtl,1Story,5,1988,Gable,BrkFace,70,CBlock,No,0,1907,SBrkr,1959,0,0,2,9,0,,766,Y,0,,,,0,Family,171000
139,60,RL,73,,Gtl,2Story,5,1999,Gable,BrkFace,320,PConc,Mn,668,1004,SBrkr,1004,848,0,1,7,2,3,,Y,0,,GdPrv,,0,Normal,230000
140,60,RL,65,,Gtl,2Story,5,1997,Gable,,0,PConc,No,821,928,SBrkr,928,836,0,1,7,0,2,470,Y,0,,MnPrv,,0,Normal,231500
141,20,RL,70,,Gtl,1Story,5,1971,Gable,,0,CBlock,No,432,864,SBrkr,864,0,0,1,5,1,0,0,Y,0,,,,0,Normal,115000
142,20,RL,78,,Gtl,1Story,5,2005,Gable,,0,PConc,Av,1300,1734,SBrkr,,0,0,1,7,0,2,,Y,0,,,,0,Normal,260000
143,50,RL,71,,Gtl,1.5Fin,4,1952,Gable,,0,CBlock,No,507,910,SBrkr,910,475,0,1,6,0,2,720,Y,0,,MnPrv,,0,Normal,166000
144,20,RL,78,,Gtl,1Story,5,1999,Gable,BrkFace,183,PConc,Gd,679,1490,SBrkr,1501,0,0,1,6,0,2,577,Y,0,,,,0,Normal,204000
145,90,RM,70,,Gtl,1Story,5,1963,Gable,BrkFace,336,CBlock,No,1332,1728,SBrkr,1728,0,0,2,10,0,2,504,Y,0,,,,0,Abnorml,125000
146,160,RM,24,,Gtl,2Story,5,2004,Gable,Stone,50,PConc,No,0,970,SBrkr,970,739,0,1,7,0,2,380,Y,0,,,,0,Normal,130000
147,30,RM,51,,Gtl,1Story,7,1931,Gable,,,BrkTil,No,209,715,FuseA,875,0,0,1,5,0,1,180,Y,0,,,,0,Normal,105000
148,60,RL,,,Gtl,2Story,5,2001,Gable,BrkFace,,PConc,No,0,884,SBrkr,884,1151,0,1,8,1,2,,Y,0,,,,0,Normal,222500
149,20,RL,63,,Gtl,1Story,5,2004,Gable,BrkFace,120,PConc,No,680,1080,SBrkr,1080,0,0,1,6,0,0,0,Y,0,,,,0,Normal,141000
150,50,RM,,,Gtl,1.5Fin,4,1936,Gable,,0,BrkTil,No,,896,FuseA,896,448,0,1,7,0,1,240,Y,0,,,,0,Normal,115000
151,20,RL,120,,Gtl,1Story,6,1975,Gable,,0,CBlock,Av,716,969,SBrkr,969,0,0,1,5,0,,440,Y,0,,MnPrv,,0,Normal,122000
152,20,RL,107,,Gtl,1Story,5,,Hip,Stone,436,PConc,Gd,,1710,SBrkr,1710,0,0,1,6,1,3,866,Y,0,,,,0,Partial,372402
153,60,RL,,,Gtl,2Story,5,1971,Gable,BrkFace,252,CBlock,No,416,825,SBrkr,1097,896,0,1,8,1,2,,Y,0,,GdWo,,0,Normal,190000
154,20,RL,,,Gtl,1Story,7,1960,Flat,,0,CBlock,Gd,429,,SBrkr,1252,0,0,1,4,1,2,564,Y,0,,,,0,Normal,235000
155,30,RM,84,,Gtl,1Story,5,1923,Gable,,0,BrkTil,No,,1200,FuseA,1200,0,0,1,7,0,1,312,Y,228,,,,0,Family,125000
156,50,RL,60,,Gtl,1.5Fin,5,1924,Gable,,0,BrkTil,No,0,572,FuseF,572,524,0,1,5,0,0,0,N,128,,,,0,Normal,79000
157,20,RL,60,,Gtl,1Story,7,1950,Hip,,0,CBlock,,0,0,FuseF,1040,0,0,1,5,0,2,625,Y,0,,,,0,Normal,109500
158,60,RL,92,,Gtl,2Story,5,2009,Gable,BrkFace,84,PConc,No,0,,SBrkr,774,1194,0,1,8,1,3,680,Y,0,,,,0,Partial,269500
159,60,FV,100,,Gtl,2Story,5,2004,Gable,,,PConc,No,222,991,SBrkr,991,956,0,1,8,1,2,678,Y,0,,GdWo,,0,Normal,254900
160,60,RL,134,,Gtl,2Story,5,2005,Gable,BrkFace,456,PConc,Mn,57,1392,SBrkr,,1070,0,1,9,1,,576,Y,0,,,,0,Partial,320000
161,20,RL,,,Gtl,1Story,6,1984,Gable,,0,PConc,No,660,1232,SBrkr,1232,0,0,1,6,0,2,516,Y,0,,,,0,Normal,162500
162,60,RL,110,,Gtl,2Story,5,2003,Gable,BrkFace,664,PConc,Av,1016,1572,SBrkr,1572,1096,0,1,10,2,3,726,Y,0,,,,0,Normal,412500
163,20,RL,95,,Gtl,1Story,5,2005,Gable,BrkFace,226,PConc,Mn,1201,1541,SBrkr,1541,0,0,1,7,1,2,532,Y,0,,,,0,Partial,220000
164,45,RL,55,,Gtl,1.5Unf,6,1956,Gable,,0,CBlock,No,0,882,SBrkr,882,0,0,1,4,0,0,0,Y,0,,MnPrv,,0,Normal,103200
165,40,RM,40,Pave,Gtl,1Story,7,1926,Gable,,0,BrkTil,Mn,370,1149,FuseA,1149,467,0,1,5,0,1,216,Y,183,,,,0,Normal,152000
166,190,RL,62,,Gtl,1.5Fin,7,1940,Gable,,0,BrkTil,No,351,644,SBrkr,808,547,0,2,6,0,0,0,Y,0,,,,0,Normal,127500
167,20,RL,,,Gtl,1Story,5,1955,Hip,,0,CBlock,No,379,1617,FuseA,1867,0,0,1,7,3,1,303,Y,0,,GdWo,,0,Normal,190000
168,60,RL,86,,Gtl,2Story,5,2007,Gable,Stone,300,PConc,No,1288,1582,SBrkr,1610,551,0,1,8,1,3,789,Y,0,,,,0,Partial,325624
169,60,RL,62,,Gtl,2Story,5,2004,Gable,,0,PConc,No,0,840,SBrkr,840,880,0,1,7,1,2,,Y,0,,,,0,Normal,183500
170,20,RL,,,Gtl,1Story,6,1981,Hip,BrkFace,653,CBlock,No,0,1686,SBrkr,1707,0,0,1,6,1,2,511,Y,0,,,,0,Normal,228000
171,50,RM,,,Gtl,1.5Fin,6,1941,Gable,,0,CBlock,No,360,720,SBrkr,854,0,528,1,7,0,2,660,Y,0,,,,0,Normal,128500
172,20,RL,141,,Gtl,1Story,5,1960,Hip,Stone,112,CBlock,Gd,639,1080,SBrkr,1656,0,0,1,7,2,2,528,P,0,,,,0,Normal,215000
173,160,RL,44,,Gtl,2Story,7,1987,Gable,,,PConc,No,495,1064,SBrkr,1064,703,0,1,5,1,2,504,Y,0,,,,0,Normal,239000
174,20,RL,80,,Gtl,1Story,5,1961,Gable,BrkCmn,491,CBlock,No,288,1362,SBrkr,1362,0,0,1,6,1,2,504,Y,0,,,,0,Normal,163000
175,20,RL,47,,Gtl,1Story,5,1986,Gable,Stone,132,CBlock,No,1398,1606,SBrkr,1651,0,0,1,7,1,2,616,Y,0,,,,0,Normal,184000
176,20,RL,84,,Gtl,1Story,7,1950,Gable,,0,CBlock,Av,477,1202,SBrkr,2158,0,0,1,7,1,2,576,Y,39,,MnPrv,,0,Normal,243000
177,60,RL,97,,Gtl,2Story,5,1988,Gable,BrkFace,268,PConc,No,831,1151,SBrkr,1164,896,0,1,8,1,2,521,Y,0,,,,0,Normal,211000
178,50,RL,,,Gtl,1.5Fin,5,1958,Gable,,0,CBlock,No,57,,SBrkr,1252,668,0,1,8,1,2,451,Y,0,,,,0,Normal,172500
179,20,RL,63,,Gtl,1Story,5,2008,Hip,Stone,748,PConc,No,1904,2216,SBrkr,2234,0,0,1,9,1,3,,Y,0,,,,0,Partial,501837
180,30,RM,60,,Gtl,1Story,6,1923,Gable,,0,CBlock,No,0,968,SBrkr,968,0,0,1,5,0,2,480,N,184,,,,0,Normal,100000
181,160,FV,,,Gtl,2Story,5,2000,Gable,BrkFace,456,PConc,No,436,756,SBrkr,769,756,0,1,5,1,2,440,Y,0,,,,0,Normal,177000
182,70,RL,54,,Gtl,2Story,6,1920,Gable,,0,BrkTil,No,352,793,SBrkr,901,901,0,1,9,1,1,,Y,40,,,,0,Normal,200100
183,20,RL,60,,Gtl,1Story,6,1957,Hip,BrkFace,,PConc,,,0,SBrkr,1340,0,0,1,7,1,1,,Y,0,,MnPrv,,0,Normal,120000
184,50,RM,63,,Gtl,1.5Fin,5,2003,Gable,,0,PConc,No,0,1362,SBrkr,,720,0,1,6,0,2,,N,0,,,,0,Normal,200000
185,50,RL,92,,Gtl,1.5Fin,8,1908,Gable,,0,PConc,No,0,504,SBrkr,936,316,0,1,5,0,2,576,Y,0,,MnPrv,,0,Normal,127000
186,75,RM,90,,Gtl,2.5Fin,9,1892,Gable,,0,BrkTil,Mn,0,1107,SBrkr,1518,1518,572,1,12,2,3,840,Y,0,,GdPrv,,0,Normal,475000
187,80,RL,,,Gtl,SLvl,5,1990,Gable,,0,PConc,Av,611,1188,SBrkr,1217,0,0,1,6,0,2,497,Y,0,,GdPrv,,0,Normal,173000
188,50,RL,60,,Gtl,1.5Fin,7,1916,Gable,,0,CBlock,No,0,660,SBrkr,808,704,144,1,8,0,1,180,N,0,,MnPrv,,0,Normal,135000
189,90,RL,64,,Gtl,SFoyer,5,1979,Gable,Stone,275,CBlock,Av,,1086,SBrkr,1224,0,0,2,6,2,2,,Y,0,,,,0,Alloca,153337
190,120,RL,41,,Gtl,1Story,5,2001,Gable,,0,PConc,Av,1153,1593,SBrkr,1593,0,0,1,5,1,2,682,Y,0,,,,0,Normal,286000
191,70,RL,70,,Mod,2Story,8,1932,Hip,,0,CBlock,No,297,853,SBrkr,1549,1178,0,1,10,2,2,440,Y,0,,,,0,Normal,315000
192,60,RL,,,Gtl,2Story,9,1972,Gable,BrkFace,138,CBlock,No,626,725,SBrkr,725,754,0,1,7,0,,,Y,0,,,,0,Normal,184000
193,20,RL,68,,Gtl,1Story,5,1999,Gable,,0,PConc,Av,560,1431,SBrkr,1431,0,0,1,6,0,2,666,Y,0,,,,0,Normal,192000
194,160,RM,24,,Gtl,2Story,5,2004,Gable,Stone,50,PConc,No,0,970,SBrkr,970,739,0,1,7,0,2,,Y,0,,,,0,Normal,130000
195,20,RL,60,,Gtl,1Story,7,1972,Hip,,0,CBlock,Av,390,864,SBrkr,864,0,0,1,5,0,,352,Y,0,,,,0,Normal,127000
196,160,RL,24,,Gtl,2Story,6,,Gable,,0,CBlock,No,566,855,SBrkr,855,601,0,1,7,1,2,440,Y,0,,,,0,Normal,148500
197,20,RL,79,,Gtl,1Story,5,2007,Hip,Stone,205,PConc,No,1126,1726,SBrkr,1726,0,0,1,8,1,,786,Y,0,,,,0,Partial,311872
198,75,RL,174,,Gtl,2Story,4,1918,Gable,,,PConc,No,1036,1360,SBrkr,1360,1360,392,1,8,1,2,795,Y,552,Ex,GdPrv,,0,Abnorml,235000
199,75,RM,92,,Gtl,2.5Fin,6,1912,Gable,,0,CBlock,No,0,755,SBrkr,929,929,371,1,8,0,0,0,Y,30,,MnPrv,,0,Abnorml,104000
200,20,RL,76,,Gtl,1Story,5,2004,Hip,BrkFace,262,PConc,Av,1088,1713,SBrkr,1713,0,0,1,7,1,3,856,Y,0,,,,0,Normal,274900
201,20,RM,80,,Gtl,1Story,5,2003,Gable,,0,PConc,No,,1121,SBrkr,1121,0,0,1,5,0,2,440,Y,0,,,,0,Normal,140000
202,20,RL,75,,Gtl,1Story,6,1977,Gable,,0,CBlock,No,641,1196,SBrkr,1279,0,0,1,6,2,2,473,Y,0,,MnPrv,,0,Normal,171500
203,50,RL,50,,Gtl,1.5Fin,6,1924,Gable,,0,BrkTil,No,617,617,SBrkr,865,445,0,1,6,0,1,,Y,126,,,,0,Normal,112000
204,120,RM,,,Gtl,1Story,5,2004,Gable,BrkFace,205,PConc,Av,662,848,SBrkr,848,0,0,1,3,1,2,420,Y,0,,,,0,Normal,149000
205,50,RM,50,Grvl,Gtl,1.5Fin,7,1947,Gable,,0,CBlock,No,312,720,SBrkr,720,564,0,1,5,0,1,240,Y,0,,MnWw,,0,Normal,110000
206,20,RL,99,,Gtl,1Story,5,1990,Gable,,0,PConc,No,0,1424,SBrkr,1442,0,0,1,5,0,2,500,Y,0,,,,0,Normal,180500
207,20,RL,40,,Gtl,1Story,5,1962,Gable,,0,CBlock,No,0,1140,SBrkr,1696,0,0,1,8,1,1,349,Y,0,,,,0,Normal,143900
208,20,RL,,,Gtl,1Story,5,1960,Gable,,,PConc,No,419,1100,SBrkr,1100,0,0,1,6,1,1,312,Y,0,,GdWo,,0,Normal,141000
209,60,RL,,,Mod,2Story,5,1988,Gable,BrkFace,128,CBlock,Gd,,1157,SBrkr,1180,882,0,1,7,1,2,454,Y,0,,,,0,Normal,277000
210,20,RL,75,,Gtl,1Story,7,1964,Hip,Stone,260,CBlock,No,787,1092,SBrkr,1092,0,0,1,6,0,2,504,Y,0,,MnPrv,,0,Normal,145000
211,30,RL,67,,Gtl,1Story,6,1925,Gable,,0,CBlock,No,468,864,FuseA,864,0,0,1,5,0,,0,Y,96,,,,0,Normal,98000
212,20,RL,83,,Gtl,1Story,5,2009,Gable,,0,PConc,Mn,36,1212,SBrkr,1212,0,0,1,6,0,2,460,Y,0,,,,0,Normal,186000
213,60,FV,72,,Gtl,2Story,5,2009,Gable,,0,PConc,No,822,,SBrkr,932,920,0,1,7,1,2,644,Y,0,,,,0,Partial,252678
214,20,RL,43,,Gtl,1Story,5,1995,Gable,,0,PConc,No,716,990,SBrkr,990,0,0,1,5,0,2,576,Y,0,,,,0,Normal,156000
215,60,RL,,,Gtl,2Story,7,1977,Gable,BrkFace,153,CBlock,No,378,689,SBrkr,689,703,0,1,6,0,1,299,Y,0,,MnPrv,Shed,450,Normal,161750
216,20,RL,72,,Gtl,1Story,6,1957,Gable,BrkFace,64,CBlock,No,360,1070,SBrkr,1236,0,0,1,6,1,1,447,Y,0,,MnPrv,,0,Normal,134450
217,20,RL,65,,Gtl,1Story,5,2004,Gable,BrkFace,266,PConc,Mn,946,1436,SBrkr,1436,0,0,1,8,0,2,484,Y,0,,,,0,Normal,210000
218,70,RM,57,Grvl,Gtl,2Story,4,1925,Gable,,,CBlock,No,0,686,SBrkr,810,518,0,1,8,0,1,210,Y,60,,,,0,Family,107000
219,50,RL,,,Gtl,1.5Fin,9,1939,Gable,BrkFace,312,CBlock,No,341,,SBrkr,1137,817,0,1,8,2,2,431,Y,150,,,,0,Normal,311500
220,120,RL,43,,Gtl,1Story,5,,Gable,BrkFace,16,PConc,Av,16,1248,SBrkr,1248,0,0,1,5,0,2,438,Y,0,,,,0,Partial,167240
221,20,RL,73,,Gtl,1Story,5,2006,Gable,,,PConc,Mn,0,1498,SBrkr,1498,0,0,1,5,0,2,675,Y,0,,,,0,Partial,204900
222,60,RL,,,Gtl,2Story,5,2002,Gable,,0,PConc,No,,1010,SBrkr,1010,1257,0,1,8,1,2,390,Y,0,,,,0,Normal,200000
223,60,RL,85,,Gtl,2Story,6,1975,Gable,,0,CBlock,No,550,713,SBrkr,811,741,0,1,6,1,2,434,Y,0,,MnPrv,,0,Normal,179900
224,20,RL,70,,Gtl,1Story,6,1971,Gable,,0,CBlock,No,524,864,SBrkr,864,0,0,1,4,0,2,576,Y,0,,,,0,Abnorml,97000
225,20,RL,103,,Gtl,1Story,5,2003,Hip,BrkFace,922,PConc,Gd,56,2392,SBrkr,2392,0,0,1,8,1,3,,Y,0,,,,0,Normal,386250
226,160,RM,21,,Gtl,2Story,5,1971,Gable,BrkFace,142,CBlock,No,0,630,SBrkr,630,672,0,1,6,0,1,280,Y,0,,,,0,Abnorml,112000
227,60,RL,82,,Gtl,2Story,5,1995,Gable,BrkFace,290,PConc,No,565,1203,SBrkr,1214,1306,0,1,9,1,3,721,Y,0,,,,0,Abnorml,290000
228,160,RM,21,,Gtl,2Story,6,1970,Gable,BrkFace,127,CBlock,No,321,483,SBrkr,483,504,0,1,5,0,1,,Y,0,,,,0,Normal,106000
229,20,RL,70,,Gtl,1Story,5,1967,Gable,,0,CBlock,No,,912,SBrkr,912,0,0,1,5,1,,336,Y,0,,MnPrv,,0,Normal,125000
230,120,RL,43,,Gtl,1Story,5,2005,Gable,BrkFace,16,PConc,Av,16,1373,SBrkr,1555,0,0,1,7,1,2,430,Y,0,,,,0,Normal,192500
231,20,RL,73,,Gtl,1Story,6,1959,Hip,BrkFace,220,CBlock,No,0,1194,SBrkr,,0,0,1,6,0,1,312,Y,120,,,,0,Normal,148000
232,60,RL,174,,Gtl,2Story,5,1995,Gable,BrkFace,506,PConc,No,689,1462,SBrkr,1490,1304,0,1,9,1,3,810,Y,202,,,,0,Normal,403000
233,160,RM,21,,Gtl,2Story,5,1972,Gable,BrkFace,297,CBlock,No,0,483,SBrkr,483,504,0,1,5,1,1,288,Y,0,,,,0,Normal,94500
234,20,RL,75,,Gtl,1Story,6,,Gable,,0,CBlock,Av,182,,SBrkr,894,0,0,1,5,0,1,308,Y,0,,MnPrv,,0,Normal,128200
235,60,RL,,,Gtl,2Story,5,2002,Gable,,,PConc,No,,860,SBrkr,,1100,0,1,8,2,2,440,Y,0,,,,0,Normal,216500
236,160,RM,21,,Gtl,2Story,3,1971,Gable,BrkFace,604,CBlock,No,358,483,SBrkr,483,504,0,1,5,0,1,264,Y,0,,,,0,Normal,89500
237,20,RL,65,,Gtl,1Story,5,2004,Gable,BrkFace,98,PConc,Av,24,1414,SBrkr,1414,0,0,1,6,0,,494,Y,0,,,,0,Normal,185500
238,60,RL,,,Gtl,2Story,7,1993,Gable,,0,PConc,No,402,996,SBrkr,1014,730,0,1,7,0,2,457,Y,0,,,,0,Normal,194500
239,20,RL,93,,Gtl,1Story,5,2007,Hip,BrkFace,254,PConc,No,0,1694,SBrkr,,0,0,1,7,0,3,818,Y,0,,,,0,Partial,318000
240,50,RL,52,,Gtl,1.5Fin,4,1945,Gable,,0,CBlock,No,,735,FuseA,798,689,0,1,7,1,1,220,Y,0,,MnPrv,,0,Normal,113000
241,20,FV,75,,Gtl,1Story,5,2008,Gable,Stone,36,PConc,Av,1078,1566,SBrkr,1566,0,0,1,7,0,2,,Y,0,,,,0,Normal,262500
242,30,RM,40,,Gtl,1Story,9,1945,Gable,,0,CBlock,No,329,686,SBrkr,866,0,0,1,4,0,,0,Y,0,,,,0,Normal,110500
243,50,RM,63,,Gtl,1.5Fin,4,,Gable,,0,BrkTil,No,0,540,FuseA,889,551,0,1,6,0,1,352,Y,77,,,,0,Normal,79000
244,160,RL,75,,Gtl,2Story,6,1980,Gable,,0,CBlock,No,0,626,SBrkr,626,591,0,1,6,1,1,,Y,0,,,,0,Normal,120000
245,60,RL,,,Gtl,2Story,5,1994,Gable,,0,PConc,No,695,948,SBrkr,1222,888,0,1,8,2,2,463,Y,0,,,,0,Normal,205000
246,20,RL,80,,Gtl,1Story,5,1988,Gable,BrkFace,102,CBlock,Av,929,1845,SBrkr,1872,0,0,1,6,1,2,604,Y,0,,,,0,Normal,241500
247,190,RM,69,Grvl,Gtl,2Story,8,1910,Gable,,0,Stone,No,0,1020,FuseP,908,1020,0,2,9,0,1,440,Y,112,,,,0,Normal,137000
248,20,RL,75,,Gtl,1Story,5,1954,Hip,,0,CBlock,No,0,1367,SBrkr,1375,0,0,1,5,1,2,451,Y,0,,,,0,Normal,140000
249,60,RL,72,,Gtl,2Story,5,2003,Gable,BrkFace,101,PConc,No,0,840,SBrkr,840,828,0,1,8,0,2,500,Y,0,,,,0,Normal,180000
250,50,RL,,,Sev,1.5Fin,7,,Gable,BrkCmn,472,CBlock,Gd,697,1444,SBrkr,1444,700,0,1,7,2,2,389,Y,0,,,Shed,500,Normal,277000
251,30,RL,55,,Gtl,1Story,2,1940,Gable,,0,CBlock,No,0,728,SBrkr,1306,0,0,1,6,0,0,0,Y,0,,GdWo,Shed,450,Normal,76500
252,120,RM,44,,Mod,1Story,5,2006,Hip,Stone,481,PConc,Gd,1573,1573,SBrkr,,0,0,1,5,1,2,538,Y,0,,,,0,Family,235000
253,60,RL,65,,Gtl,2Story,5,2004,Gable,,0,PConc,No,0,798,SBrkr,798,842,0,1,6,0,2,520,Y,0,,,,0,Normal,173000
254,80,RL,85,,Gtl,SLvl,7,1964,Hip,BrkFace,108,CBlock,Gd,270,1302,SBrkr,1302,0,0,1,7,0,1,309,Y,0,,MnPrv,,0,Normal,158000
255,20,RL,70,,Gtl,1Story,6,1957,Gable,,0,CBlock,No,922,1314,SBrkr,1314,0,0,1,5,0,1,294,Y,0,,,,0,Normal,145000
256,60,RL,66,,Gtl,2Story,5,1999,Gable,BrkFace,302,PConc,No,0,975,SBrkr,1005,1286,0,1,8,1,2,429,Y,0,,,,0,Normal,230000
257,60,FV,64,,Gtl,2Story,5,2003,Gable,,0,PConc,No,503,,SBrkr,,864,0,1,7,0,2,673,Y,0,,,,0,Normal,207500
258,20,RL,68,,Gtl,1Story,5,2006,Gable,Stone,180,PConc,No,1334,1604,SBrkr,1604,0,0,1,8,1,2,660,Y,0,,,,0,Abnorml,220000
259,60,RL,80,,Gtl,2Story,5,2001,Gable,BrkFace,172,PConc,No,361,,SBrkr,963,829,0,1,7,1,2,564,Y,0,,,,0,Normal,231500
260,20,RM,70,,Gtl,1Story,5,1956,Gable,,,PConc,,0,0,FuseA,882,0,0,1,4,0,1,,Y,0,,,,0,Normal,97000
261,80,RL,120,,Gtl,SLvl,5,1962,Gable,BrkFace,399,CBlock,Gd,672,,SBrkr,1382,0,0,1,6,1,2,884,Y,252,,GdWo,,0,Normal,176000
262,60,RL,69,,Gtl,2Story,5,2007,Gable,Stone,270,PConc,No,0,1482,SBrkr,1482,1092,0,1,10,1,3,,Y,0,,,,0,Partial,276000
263,80,RL,88,,Gtl,SLvl,7,1977,Gable,BrkFace,46,CBlock,Av,506,506,SBrkr,1212,0,0,1,6,1,2,492,Y,0,,GdWo,,0,Normal,151000
264,50,RM,50,,Gtl,1.5Fin,7,1929,Gable,,0,BrkTil,No,234,926,SBrkr,,0,390,1,6,0,2,484,Y,0,,,,0,Normal,130000
265,30,RM,30,Grvl,Gtl,1Story,5,1925,Gable,,,BrkTil,No,0,680,FuseP,764,0,0,1,4,0,2,504,N,0,,,,0,Normal,73000
266,20,RL,78,,Gtl,1Story,6,1981,Gable,BrkFace,210,CBlock,No,588,1422,SBrkr,1422,0,0,1,7,1,2,576,Y,0,,GdPrv,,0,Normal,175500
267,60,RL,70,,Gtl,2Story,5,1997,Gable,,0,PConc,Av,714,802,SBrkr,802,709,0,1,8,1,2,413,Y,0,,,,0,Normal,185000
268,75,RL,60,,Mod,2.5Fin,8,1939,Gable,,,PConc,No,378,720,SBrkr,1052,720,420,1,8,1,1,240,Y,0,,,,0,Normal,179500
269,30,RM,71,,Gtl,1Story,6,,Gable,,0,CBlock,No,403,740,SBrkr,778,0,0,1,4,1,1,924,Y,0,,,,0,Normal,120500
270,20,RL,,,Gtl,1Story,7,1976,Hip,BrkFace,174,CBlock,No,751,1143,SBrkr,1113,0,0,1,6,1,1,504,Y,0,,GdPrv,,0,Normal,148000
271,60,FV,84,,Gtl,2Story,5,2006,Gable,,0,PConc,Mn,0,1095,SBrkr,1095,844,0,1,8,1,3,,Y,0,,,,0,Partial,266000
272,20,RL,73,,Sev,1Story,7,1954,Flat,,0,CBlock,Gd,226,1385,SBrkr,1363,0,0,1,5,2,2,439,Y,0,,,,0,Normal,241500
273,60,RL,92,,Gtl,2Story,7,1999,Gable,BrkFace,348,PConc,No,524,1152,SBrkr,1164,1106,0,1,9,1,,671,Y,0,,,,0,Normal,290000
274,20,RL,80,,Gtl,1Story,6,1958,Hip,BrkCmn,183,CBlock,No,620,1240,SBrkr,1632,0,0,1,6,1,1,338,Y,0,,MnPrv,,0,Normal,139000
275,20,RL,76,,Gtl,1Story,7,,Gable,,0,CBlock,Gd,546,816,SBrkr,816,0,0,1,5,0,1,264,Y,0,,,,0,Normal,124500
276,50,RL,55,,Gtl,1.5Fin,7,1925,Gable,,0,BrkTil,No,0,952,SBrkr,952,596,0,1,5,0,2,672,Y,0,,,,0,Normal,205000
277,20,RL,129,,Gtl,1Story,5,2003,Gable,,0,PConc,No,0,1560,SBrkr,1560,0,0,1,7,0,2,573,Y,0,,,,0,Normal,201000
278,20,RL,140,,Gtl,1Story,5,1951,Gable,,0,CBlock,No,120,864,SBrkr,864,0,0,1,4,0,2,400,Y,0,,,,0,Normal,141000
279,20,RL,107,,Gtl,1Story,5,2006,Gable,BrkFace,315,PConc,Gd,0,2121,SBrkr,2121,0,0,1,8,1,3,732,Y,0,,,,0,Partial,415298
280,60,RL,83,,Gtl,2Story,5,1977,Hip,BrkFace,299,CBlock,No,392,1160,SBrkr,1156,866,0,1,8,1,2,505,Y,0,,,,0,Normal,192000
281,60,RL,82,,Gtl,2Story,6,1989,Gable,BrkFace,340,CBlock,Av,,807,SBrkr,1175,807,0,1,7,1,2,575,Y,0,,,,0,Normal,228500
282,20,FV,60,Pave,Gtl,1Story,5,2006,Gable,Stone,68,PConc,No,905,1262,SBrkr,1262,0,0,1,5,0,2,572,Y,0,,,,0,Partial,185000
283,120,RL,34,,Gtl,1Story,5,2007,Gable,Stone,166,PConc,No,904,1314,SBrkr,1314,0,0,1,6,1,2,,Y,0,,,,0,Normal,207500
284,20,RL,74,,Gtl,1Story,5,2008,Gable,Stone,,PConc,No,0,1468,SBrkr,1468,0,0,1,6,1,3,898,Y,0,,,,0,Partial,244600
285,120,RL,50,,Gtl,1Story,5,,Gable,,0,PConc,No,430,1575,SBrkr,1575,0,0,1,5,0,2,529,Y,52,,,,0,Normal,179200
286,160,FV,35,Pave,Gtl,2Story,5,2006,Gable,,0,PConc,No,0,625,SBrkr,625,625,0,1,5,0,2,528,Y,0,,,,0,Partial,164700
287,50,RL,77,,Gtl,1.5Fin,7,1962,Gable,,0,CBlock,No,600,912,SBrkr,1085,649,0,1,7,1,2,440,Y,0,,GdPrv,,0,Normal,159000
288,20,RL,,,Gtl,1Story,4,,Gable,,0,CBlock,No,614,858,SBrkr,,0,0,1,5,0,0,0,Y,0,,,,0,Normal,88000
289,20,RL,,,Gtl,1Story,5,1967,Gable,BrkFace,31,CBlock,No,450,882,SBrkr,900,0,0,1,5,0,,280,Y,0,,MnPrv,,0,Normal,122000
290,70,RL,60,,Gtl,2Story,7,1915,Gable,,0,BrkTil,No,0,698,FuseA,698,698,0,1,7,0,1,384,Y,0,,,,0,Normal,153575
291,60,RL,120,,Gtl,2Story,5,2006,Gable,,0,PConc,Av,0,1079,SBrkr,1079,840,0,1,8,1,2,685,Y,0,,,,0,Partial,233230
292,190,RL,55,Grvl,Gtl,2Story,6,1912,Gable,,0,PConc,No,210,780,SBrkr,936,780,0,1,9,0,0,0,N,0,,,,0,Normal,135900
293,50,RL,60,,Gtl,1.5Fin,4,1949,Gable,,,CBlock,No,292,768,SBrkr,1148,568,0,1,8,1,1,281,Y,0,,,,0,Normal,131000
294,60,RL,,,Gtl,2Story,7,1977,Gable,BrkFace,34,CBlock,No,795,795,SBrkr,1468,795,0,1,9,1,2,539,Y,0,,,,0,Normal,235000
295,20,RL,80,,Gtl,1Story,5,1953,Hip,Stone,238,CBlock,No,1285,1416,SBrkr,1644,0,0,1,7,2,2,418,Y,0,,,,0,Normal,167000
296,80,RL,37,,Gtl,SLvl,6,1984,Gable,,0,CBlock,Av,819,1003,SBrkr,1003,0,0,1,6,0,2,588,Y,0,,GdPrv,,0,Normal,142500
297,50,RM,75,,Gtl,1.5Fin,5,1950,Gable,,0,CBlock,No,420,,FuseA,910,648,0,1,6,0,1,282,Y,0,,MnPrv,,0,Normal,152000
298,60,FV,66,Pave,Gtl,2Story,5,1997,Hip,BrkFace,1600,PConc,No,649,975,SBrkr,975,975,0,1,7,1,2,576,Y,0,,,,0,Normal,239000
299,60,RL,90,,Gtl,2Story,6,,Mansard,BrkFace,365,CBlock,No,384,702,SBrkr,1041,702,0,1,7,1,2,,Y,0,,,,0,Normal,175000
300,20,RL,80,,Gtl,1Story,8,1950,Gable,,0,CBlock,No,0,1092,SBrkr,1152,0,0,1,6,1,1,300,Y,0,,GdPrv,,0,Family,158500
301,190,RL,90,,Gtl,1Story,5,1953,Hip,BrkFace,56,CBlock,Mn,841,1165,SBrkr,1336,0,0,1,5,2,1,375,Y,0,,,,0,Normal,157000
302,60,RL,66,,Gtl,2Story,5,1998,Gable,,0,PConc,No,281,1028,SBrkr,1210,1242,0,1,9,1,2,683,Y,0,,,,0,Normal,267000
303,20,RL,118,,Gtl,1Story,5,2001,Gable,BrkFace,150,PConc,No,0,1541,SBrkr,1541,0,0,1,6,1,3,843,Y,0,,,,0,Normal,205000
304,20,RL,70,,Gtl,1Story,7,1972,Gable,,0,PConc,No,,894,SBrkr,894,0,0,1,5,0,2,552,Y,0,,GdWo,,0,Abnorml,149900
305,75,RM,87,,Gtl,2.5Fin,9,1880,Gable,,0,BrkTil,No,0,1470,SBrkr,1675,1818,0,1,10,1,3,870,Y,0,,,,0,Normal,295000
306,20,RL,80,,Gtl,1Story,5,2004,Gable,Stone,246,PConc,No,1464,2000,SBrkr,2000,0,0,1,8,0,3,888,Y,0,,,,0,Normal,305900
307,60,RL,116,,Gtl,2Story,5,1990,Gable,BrkFace,246,CBlock,No,700,700,SBrkr,1122,1121,0,1,8,1,3,746,Y,224,,,,0,Normal,225000
308,50,RM,,Grvl,Gtl,1.5Fin,7,1920,Gable,,0,CBlock,No,0,319,FuseA,1035,371,0,1,6,0,0,0,N,0,,MnPrv,,0,Normal,89500
309,30,RL,,,Gtl,1Story,5,,Gable,,0,CBlock,No,262,861,SBrkr,861,0,0,1,4,0,2,539,Y,0,,,,0,Normal,82500
310,20,RL,90,,Gtl,1Story,5,2003,Gable,,0,PConc,Gd,1274,1896,SBrkr,1944,0,0,1,8,3,3,708,Y,0,,,,0,Normal,360000
311,60,RL,,,Gtl,2Story,5,1993,Gable,BrkFace,112,PConc,No,518,697,SBrkr,697,804,0,1,6,1,2,,Y,0,,,,0,Normal,165600
312,20,RL,50,,Gtl,1Story,6,1948,Gable,,0,CBlock,No,680,,SBrkr,972,0,0,1,5,1,1,240,Y,0,,,,0,Normal,132000
313,190,RM,65,,Gtl,1.5Fin,7,1939,Gable,,0,CBlock,Mn,507,793,SBrkr,793,325,0,1,5,1,2,,Y,0,,MnPrv,,0,Normal,119900
314,20,RL,150,,Sev,1Story,5,1965,Hip,,0,CBlock,Gd,,2136,SBrkr,2036,0,0,1,8,2,2,513,Y,0,,,,0,Normal,375000
315,70,RM,60,Grvl,Gtl,2Story,7,1925,Gable,,0,BrkTil,No,16,728,SBrkr,,809,0,1,6,1,2,546,Y,234,,,,0,Normal,178000
316,60,RL,71,,Gtl,2Story,5,2004,Gable,,0,PConc,No,425,716,SBrkr,,716,0,1,6,1,2,432,Y,0,,,,0,Normal,188500
317,60,RL,94,,Gtl,2Story,7,1980,Gable,BrkFace,278,CBlock,No,692,845,SBrkr,1153,1200,0,1,10,1,2,484,Y,0,,GdPrv,,0,Normal,260000
318,60,FV,75,,Gtl,2Story,5,2006,Gable,,0,PConc,Av,0,1088,SBrkr,1088,871,0,1,8,1,,1025,Y,0,,,,0,Normal,270000
319,60,RL,90,,Mod,2Story,5,,Gable,BrkFace,256,PConc,Gd,987,1347,SBrkr,1372,1274,0,1,9,1,3,656,Y,144,,,,0,Normal,260000
320,80,RL,,,Gtl,SLvl,5,1980,Gable,BrkFace,225,CBlock,Av,1036,,SBrkr,1472,0,0,1,6,2,2,588,Y,0,,,,0,Normal,187500
321,60,RL,111,,Gtl,2Story,5,2006,Gable,Stone,370,PConc,Av,0,1249,SBrkr,1249,1347,0,1,9,0,3,840,Y,0,,,,0,Partial,342643
322,60,RL,99,,Gtl,2Story,5,2004,Gable,BrkFace,388,PConc,Av,,1136,SBrkr,1136,1332,0,1,10,1,3,872,Y,0,,,,0,Normal,354000
323,60,RL,86,,Gtl,2Story,5,1986,Gable,BrkFace,172,CBlock,Gd,28,1502,SBrkr,1553,1177,0,1,8,1,2,,Y,0,,MnPrv,,0,Normal,301000
324,20,RM,49,,Gtl,1Story,8,1955,Gable,,0,CBlock,No,256,1162,SBrkr,1163,0,0,1,6,0,1,220,Y,0,,,,0,Normal,126175
325,80,RL,96,,Gtl,SLvl,7,1967,Mansard,BrkFace,300,CBlock,No,0,710,SBrkr,1898,1080,0,1,11,1,2,564,Y,0,,,,0,Normal,242000
326,45,RM,50,,Gtl,1.5Unf,6,1941,Gable,,,CBlock,Av,116,720,FuseF,803,0,0,1,5,0,2,360,Y,244,,,,0,Normal,87000
327,120,RL,32,,Gtl,1Story,5,1993,Gable,,0,PConc,Gd,,1719,SBrkr,1719,0,0,1,6,2,2,473,Y,0,,,,0,Normal,324000
328,20,RL,80,,Gtl,1Story,5,1960,Hip,BrkFace,175,CBlock,No,565,1383,SBrkr,,0,0,1,7,0,1,292,Y,0,,,,0,Normal,145250
329,75,RL,,Pave,Gtl,2.5Unf,6,1916,Gable,,0,BrkTil,No,0,844,FuseA,1445,689,0,1,10,0,2,441,Y,268,,,,0,Normal,214500
330,70,RM,60,,Gtl,2Story,5,,Gable,,0,PConc,Mn,0,596,SBrkr,596,596,0,1,6,0,1,189,N,137,,GdWo,,0,Normal,78000
331,90,RL,,,Gtl,1Story,4,1964,Gable,BrkFace,84,CBlock,No,40,1728,SBrkr,1728,0,0,2,10,0,1,,Y,0,,,,0,Normal,119000
332,20,RL,70,,Gtl,1Story,6,1958,Gable,,0,CBlock,No,846,1056,SBrkr,1056,0,0,1,6,0,1,308,Y,0,,,,0,Normal,139000
333,20,RL,85,,Gtl,1Story,5,2003,Gable,BrkFace,296,PConc,No,1124,3206,SBrkr,1629,0,0,1,7,1,3,880,Y,0,,,,0,Normal,284000
334,120,RM,59,,Gtl,1Story,5,2004,Gable,Stone,146,PConc,Av,720,1358,SBrkr,1358,0,0,1,6,1,2,484,Y,0,,,,0,Normal,207000
335,60,RL,59,,Gtl,2Story,5,1998,Gable,,0,PConc,Gd,828,943,SBrkr,943,695,0,1,7,2,2,472,Y,0,,,,0,Normal,192000
336,190,RL,,,Sev,1.5Fin,6,1965,Gable,,0,CBlock,Gd,1249,1499,SBrkr,1619,167,0,1,7,2,2,529,Y,0,,,Shed,700,Normal,228950
337,20,RL,86,,Gtl,1Story,5,2005,Hip,Stone,200,PConc,Gd,1249,1922,SBrkr,1922,0,0,1,8,1,3,676,Y,0,,,,0,Normal,377426
338,20,RL,70,,Gtl,1Story,5,2002,Gable,BrkFace,113,PConc,Av,810,1536,SBrkr,1536,0,0,1,7,0,2,532,Y,0,,,,0,Normal,214000
339,20,RL,91,,Gtl,1Story,7,1984,Gable,,0,CBlock,Mn,,1208,SBrkr,1621,0,0,1,8,0,2,440,Y,0,,,Shed,400,Normal,202500
340,20,RL,66,,Gtl,1Story,7,1958,Hip,BrkFace,176,CBlock,No,585,1215,FuseA,1215,0,0,1,6,0,,297,Y,0,,,,0,Normal,155000
341,60,RL,85,,Gtl,2Story,5,2002,Gable,,0,PConc,No,0,967,SBrkr,993,915,0,1,9,0,2,431,Y,0,,,,0,Normal,202900
342,20,RH,60,,Gtl,1Story,4,1950,Gable,,0,CBlock,No,0,721,SBrkr,841,0,0,1,4,0,1,294,N,24,,,,0,Normal,82000
343,90,RL,,,Gtl,1Story,4,1949,Gable,BrkFace,340,Slab,,0,0,FuseA,1040,0,0,2,6,0,2,400,Y,0,,,,0,Normal,87500
344,120,RL,63,,Gtl,1Story,5,2005,Hip,BrkFace,616,PConc,No,28,1684,SBrkr,1684,0,0,1,6,1,2,564,Y,0,,,,0,Normal,266000
345,160,RM,36,,Gtl,2Story,3,1976,Gable,,0,CBlock,No,,536,SBrkr,536,576,0,1,4,0,1,336,Y,0,,,,0,Normal,85000
346,50,RL,65,,Gtl,1.5Fin,5,1939,Gable,,0,BrkTil,No,0,972,SBrkr,,605,0,1,6,1,1,312,Y,0,,,,0,Normal,140200
347,20,RL,,,Gtl,1Story,8,1960,Hip,,0,CBlock,Mn,498,958,SBrkr,958,0,0,1,5,0,1,301,Y,0,,,Gar2,15500,Normal,151500
348,20,RL,,,Gtl,1Story,5,1960,Gable,BrkFace,30,CBlock,No,1270,1478,FuseA,1478,0,0,1,6,2,2,498,Y,0,,,,0,Normal,157500
349,160,RL,36,,Gtl,2Story,5,2003,Gable,Stone,106,PConc,No,573,764,SBrkr,764,862,0,1,6,0,2,474,Y,0,,,,0,Normal,154000
350,60,RL,56,,Gtl,2Story,5,2005,Hip,BrkFace,870,PConc,No,1410,1848,SBrkr,1848,880,0,1,10,2,3,706,Y,0,,,,0,Partial,437154
351,120,RL,68,,Gtl,1Story,5,2007,Hip,BrkFace,362,PConc,No,0,1869,SBrkr,1869,0,0,1,6,1,2,617,Y,0,,,,0,Partial,318061
352,120,RL,,,Mod,1Story,5,1986,Gable,,0,PConc,Gd,1082,1453,SBrkr,1453,0,0,1,6,1,2,445,Y,0,,,,0,Abnorml,190000
353,50,RL,60,,Gtl,1.5Fin,6,1941,Gable,,,CBlock,Mn,236,,SBrkr,616,495,0,1,5,0,,200,Y,0,,,,0,Normal,95000
354,30,RM,60,,Gtl,1Story,8,1928,Gable,,0,BrkTil,No,0,624,SBrkr,,0,0,1,5,0,2,,Y,0,,,,0,Normal,105900
355,50,RL,60,,Gtl,1.5Fin,5,1940,Gable,,0,CBlock,No,388,940,SBrkr,1192,403,0,1,6,2,1,240,Y,108,,,,0,Normal,140000
356,20,RL,105,,Gtl,1Story,5,1995,Gable,,,PConc,No,334,1200,SBrkr,1200,0,0,1,6,0,2,521,Y,0,,,,0,Normal,177500
357,20,RL,,,Gtl,1Story,6,1992,Gable,BrkFace,106,PConc,No,560,1158,SBrkr,1167,0,0,1,6,0,2,400,Y,0,,,,0,Normal,173000
358,120,RM,44,,Gtl,1Story,5,1976,Gable,,0,PConc,No,874,1142,SBrkr,,0,0,1,6,1,2,528,Y,0,,MnPrv,,0,Normal,134000
359,80,RL,92,,Gtl,SLvl,4,1958,Hip,BrkFace,120,CBlock,Av,300,1062,FuseF,,0,0,1,6,0,1,288,Y,294,,,,0,Abnorml,130000
360,60,RL,78,,Gtl,2Story,5,1998,Gable,BrkFace,530,PConc,Av,956,1086,SBrkr,,838,0,1,7,1,2,592,Y,0,,,,0,Normal,280000
361,85,RL,,,Gtl,SFoyer,6,1978,Gable,,,CBlock,Av,773,888,SBrkr,,0,0,1,5,1,2,,Y,0,,MnPrv,,0,Normal,156000
362,50,RL,,Pave,Gtl,1.5Fin,5,1940,Gable,,0,CBlock,No,399,,SBrkr,988,517,0,1,8,0,1,240,N,0,,,,0,Normal,145000
363,85,RL,64,,Gtl,SFoyer,5,2003,Gable,BrkFace,500,Slab,,0,0,SBrkr,495,1427,0,1,7,1,2,672,Y,177,,,,0,Normal,198500
364,160,RM,21,,Gtl,2Story,8,1972,Gable,BrkFace,510,CBlock,No,162,483,SBrkr,483,504,0,1,5,0,1,264,Y,0,,,,0,Normal,118000
365,60,RL,,,Gtl,2Story,5,1976,Gable,BrkFace,120,PConc,Mn,712,796,SBrkr,,784,0,1,6,1,2,566,Y,0,,,,0,Normal,190000
366,70,RM,59,,Gtl,2Story,7,,Hip,,0,CBlock,No,,672,FuseA,672,672,0,1,6,0,1,468,Y,218,,,,0,Normal,147000
367,20,RL,,,Gtl,1Story,5,1963,Gable,BrkFace,247,CBlock,No,609,1394,SBrkr,1394,0,0,1,6,2,2,514,Y,0,,,,0,Normal,159000
368,80,RL,101,,Gtl,SLvl,5,1962,Gable,BrkFace,305,CBlock,Gd,371,1099,SBrkr,1431,0,0,1,6,1,1,296,Y,0,,,,0,Normal,165000
369,20,RL,78,,Gtl,1Story,6,1954,Gable,BrkFace,200,PConc,No,540,1268,SBrkr,1268,0,0,1,7,1,1,244,Y,0,,,,0,Normal,132000
370,20,RL,,,Gtl,1Story,7,1959,Gable,,0,CBlock,No,,1063,SBrkr,1287,0,0,1,7,1,2,576,Y,0,,,,0,Normal,162000
371,60,RL,,,Gtl,2Story,5,2000,Gable,,0,PConc,No,0,953,SBrkr,953,711,0,1,7,1,2,460,Y,0,,,,0,Normal,172400
372,50,RL,80,,Gtl,1.5Fin,4,1959,Gable,,0,CBlock,,0,0,SBrkr,1120,468,0,1,7,1,2,680,N,0,,,,0,Normal,134432
373,120,RL,50,,Gtl,1Story,5,1984,Gable,,0,CBlock,No,623,744,SBrkr,752,0,0,1,4,0,1,264,Y,0,,MnPrv,,0,Normal,125000
374,20,RL,79,,Gtl,1Story,6,1953,Gable,,0,PConc,No,428,608,SBrkr,1319,0,0,1,5,0,1,270,Y,0,,GdWo,,0,Normal,123000
375,60,RL,65,,Gtl,2Story,5,2003,Gable,,0,PConc,No,0,847,SBrkr,847,1081,0,1,8,1,2,,Y,0,,,,0,Normal,219500
376,30,RL,,,Sev,1Story,1,1922,Gable,,0,BrkTil,Gd,350,683,FuseA,904,0,0,1,4,0,0,0,Y,0,,,,0,Normal,61000
377,85,RL,57,,Gtl,SFoyer,5,1996,Gable,,0,PConc,Av,298,870,SBrkr,914,0,0,1,5,0,2,576,Y,0,,,,0,Normal,148000
378,60,FV,102,,Gtl,2Story,5,2004,Gable,,0,PConc,No,0,1580,SBrkr,1580,886,0,1,8,1,2,610,Y,0,,,,0,Normal,340000
379,20,RL,88,,Gtl,1Story,2,2010,Hip,Stone,,PConc,Av,1445,,SBrkr,1856,0,0,1,8,1,3,834,Y,0,,,,0,Partial,394432
380,60,RL,60,,Gtl,2Story,5,2000,Gable,BrkFace,16,PConc,No,0,982,SBrkr,1007,793,0,1,7,1,2,463,Y,0,,,,0,Normal,179000
381,50,RL,50,Pave,Gtl,1.5Fin,6,1924,Gable,,,BrkTil,No,218,1026,SBrkr,1026,665,0,1,6,1,,,Y,242,,,,0,Normal,127000
382,20,FV,60,Pave,Gtl,1Story,5,2006,Gable,,0,PConc,No,0,1293,SBrkr,1301,0,0,1,5,1,2,572,Y,0,,,,0,Partial,187750
383,60,RL,79,,Gtl,2Story,5,2006,Gable,,0,PConc,Av,0,939,SBrkr,939,858,0,1,8,0,2,639,Y,0,,,,0,Normal,213500
384,45,RH,60,,Gtl,1.5Unf,3,1928,Gable,,0,BrkTil,No,0,784,FuseA,784,0,0,1,5,0,2,360,N,91,,,,0,Normal,76000
385,60,RL,,,Mod,2Story,5,,Gable,,0,PConc,Av,,1580,SBrkr,,874,0,1,9,2,2,501,Y,0,,,,0,Normal,240000
386,120,RL,43,,Gtl,1Story,5,2004,Gable,BrkFace,16,PConc,No,24,1256,SBrkr,1269,0,0,1,6,1,2,430,Y,0,,,,0,Normal,192000
387,50,RL,58,,Gtl,1.5Fin,3,1910,Gambrel,,,PConc,No,0,658,SBrkr,658,526,0,1,8,0,0,0,N,0,,,,0,AdjLand,81000
388,80,RL,72,,Gtl,SLvl,6,,Hip,BrkFace,255,CBlock,Av,631,1041,SBrkr,1125,0,0,1,6,1,,352,Y,0,,GdWo,,0,Abnorml,125000
389,20,RL,93,,Gtl,1Story,5,1999,Gable,BrkFace,125,PConc,No,0,1468,SBrkr,1479,0,0,1,6,0,2,577,Y,0,,,,0,Normal,191000
390,60,RL,96,,Gtl,2Story,5,2007,Gable,Stone,272,PConc,Av,1280,1682,SBrkr,1742,590,0,1,9,1,3,846,Y,0,,,,0,Partial,426000
391,50,RL,50,Grvl,Gtl,1.5Fin,8,1900,Gable,,0,BrkTil,No,241,861,SBrkr,961,406,0,1,7,0,1,384,Y,112,,MnPrv,,0,Normal,119000
392,60,RL,71,,Gtl,2Story,5,2001,Gable,,0,PConc,No,690,804,SBrkr,804,1157,0,1,7,1,2,560,Y,0,,,,0,Normal,215000
393,20,RL,,,Gtl,1Story,7,1959,Gable,,0,Slab,,0,0,SBrkr,882,0,0,1,5,0,1,294,Y,0,,MnPrv,Shed,1200,Normal,106500
394,30,RL,,,Gtl,1Story,5,1941,Gable,,0,CBlock,No,266,788,FuseA,788,0,0,1,4,2,0,0,Y,0,,GdWo,,0,Abnorml,100000
395,50,RL,60,,Gtl,1.5Fin,6,1940,Gable,,0,CBlock,No,0,735,FuseA,735,299,0,1,5,0,1,240,Y,0,,,,0,Normal,109000
396,20,RL,68,,Gtl,1Story,6,1956,Gable,,0,CBlock,Av,739,1144,SBrkr,,0,0,1,6,0,1,596,Y,0,,,,0,Normal,129000
397,20,RL,60,,Gtl,1Story,5,1972,Hip,,0,CBlock,Av,777,894,SBrkr,894,0,0,1,6,0,2,600,Y,0,,,,0,Normal,123000
398,60,RL,69,,Gtl,2Story,5,1962,Gable,BrkFace,288,CBlock,No,540,864,SBrkr,876,936,0,1,8,1,1,264,Y,0,,,,0,Normal,169500
399,30,RM,60,,Gtl,1Story,2,1920,Gable,,0,BrkTil,No,0,961,Mix,,0,0,1,6,0,1,,N,0,,,,0,Abnorml,67000
400,60,FV,65,,Gtl,2Story,5,2006,Gable,Stone,,PConc,No,812,1092,SBrkr,,438,0,1,7,0,2,438,Y,0,,,,0,Normal,241000
401,120,RL,38,,Gtl,1Story,5,1996,Gable,,0,PConc,No,786,1260,SBrkr,1288,0,0,1,4,2,2,500,Y,0,,,,0,Normal,245500
402,20,RL,65,,Gtl,1Story,5,,Gable,,0,PConc,Av,24,,SBrkr,1310,0,0,1,6,1,2,400,Y,0,,,,0,Partial,164990
403,30,RL,60,,Gtl,1Story,8,1940,Gable,,0,PConc,No,0,672,SBrkr,,0,0,1,4,0,1,240,N,0,,GdPrv,,0,Normal,108000
404,60,RL,93,,Gtl,2Story,5,1998,Hip,BrkFace,650,PConc,No,0,1141,SBrkr,1165,1098,0,1,10,1,2,420,Y,0,,,,0,Abnorml,258000
405,60,RL,,,Gtl,2Story,5,1995,Gable,,0,PConc,No,0,806,SBrkr,806,766,0,1,7,1,2,373,Y,0,,,,0,Normal,168000
406,20,RL,,,Gtl,1Story,4,1976,Gable,,0,CBlock,No,1116,1281,SBrkr,1620,0,0,1,8,1,2,,Y,0,,GdWo,,0,Normal,150000
407,50,RL,51,,Gtl,1.5Fin,5,1936,Gable,,0,BrkTil,No,0,1064,FuseA,1166,0,473,1,6,0,1,240,Y,0,,,,0,Normal,115000
408,70,RL,63,,Gtl,2Story,7,1915,Gable,,0,BrkTil,No,0,840,SBrkr,840,840,0,1,8,0,1,308,Y,160,,,,0,Normal,177000
409,60,RL,109,,Gtl,2Story,5,2006,Gable,BrkFace,350,PConc,No,,,SBrkr,1071,1101,0,1,9,1,3,947,Y,0,,,,0,Partial,280000
410,60,FV,85,,Gtl,2Story,5,2007,Gable,Stone,100,PConc,No,789,1034,SBrkr,1050,1028,0,1,8,1,3,836,Y,0,,,,0,Partial,339750
411,20,RL,68,,Gtl,1Story,3,1958,Gable,,0,CBlock,No,0,1276,FuseA,1276,0,0,1,5,0,1,350,Y,0,,,,0,Abnorml,60000
412,190,RL,100,,Gtl,1Story,5,1955,Hip,,0,CBlock,Mn,1056,1056,SBrkr,1056,0,0,1,5,0,2,572,Y,0,,,,0,Normal,145000
413,20,FV,,,Gtl,1Story,5,,Gable,Stone,432,PConc,Av,578,1470,SBrkr,1478,0,0,1,7,1,2,484,Y,0,,,,0,Partial,222000
414,30,RM,56,Grvl,Gtl,1Story,6,1927,Gable,,0,CBlock,No,0,1008,FuseA,,0,0,1,5,1,2,360,Y,130,,,,0,Normal,115000
415,60,RL,59,,Gtl,2Story,5,1993,Gable,,0,PConc,No,50,1080,SBrkr,1080,1017,0,1,9,1,3,678,Y,0,,,,0,Normal,228000
416,20,RL,73,,Gtl,1Story,5,2007,Gable,,0,PConc,Av,24,1340,SBrkr,1340,0,0,1,6,0,2,396,Y,0,,,,0,Partial,181134
417,60,RL,74,,Gtl,2Story,7,1978,Hip,BrkFace,203,CBlock,No,209,672,SBrkr,672,728,0,1,6,1,2,440,Y,0,,,,0,Normal,149500
418,70,RL,86,,Gtl,2Story,6,1918,Hip,,0,BrkTil,No,1128,1370,FuseA,1370,1254,0,1,10,1,3,864,N,0,,,,0,Normal,239000
419,50,RL,60,,Gtl,1.5Fin,6,1940,Gable,,0,BrkTil,No,,756,FuseF,756,378,0,1,7,0,1,240,P,0,,,,0,AdjLand,126000
420,20,RL,65,,Gtl,1Story,6,1968,Gable,,0,CBlock,No,,1056,SBrkr,1056,0,0,1,6,1,1,304,Y,184,,,,0,Normal,142000
421,90,RM,78,,Gtl,SFoyer,5,1997,Gable,BrkFace,200,PConc,Gd,1309,1344,SBrkr,1344,0,0,2,8,0,4,784,Y,0,,,,0,Alloca,206300
422,20,RL,,,Gtl,1Story,7,1977,Gable,Stone,126,CBlock,No,1246,1602,SBrkr,1602,0,0,1,8,1,2,529,Y,0,,,,0,Normal,215000
423,20,RL,100,,Mod,1Story,5,,Hip,,,CBlock,No,0,988,FuseA,,0,0,1,4,0,2,520,N,0,,,,0,Normal,113000
424,60,RL,80,,Gtl,2Story,5,1998,Gable,BrkFace,473,PConc,No,986,1470,SBrkr,1470,1160,0,1,8,1,3,696,Y,0,,,,0,Normal,315000
425,20,RL,72,,Gtl,1Story,5,1956,Gable,BrkFace,74,CBlock,No,616,1196,FuseA,1196,0,0,1,6,1,1,297,Y,0,,,,0,Normal,139000
426,60,RM,60,Grvl,Gtl,2Story,8,1946,Gable,,0,CBlock,No,0,651,SBrkr,707,682,0,1,6,2,,240,P,126,,,,0,Normal,135000
427,80,RL,,,Mod,SLvl,5,1989,Gable,BrkFace,145,PConc,Gd,1518,,SBrkr,1644,0,0,1,5,1,2,569,Y,0,,,,0,Normal,275000
428,20,RL,77,,Gtl,1Story,6,1957,Hip,,0,CBlock,No,288,907,SBrkr,907,0,0,1,5,0,1,352,Y,0,,,,0,Normal,109008
429,20,RL,64,,Gtl,1Story,5,2007,Gable,BrkFace,108,PConc,No,664,1208,SBrkr,1208,0,0,1,6,0,2,628,Y,0,,,,0,Partial,195400
430,20,RL,130,,Gtl,1Story,5,1988,Gable,,0,CBlock,Mn,,1392,SBrkr,1412,0,0,1,6,1,2,576,Y,169,,,,0,Normal,175000
431,160,RM,21,,Gtl,2Story,5,1971,Gable,BrkFace,232,CBlock,No,387,483,SBrkr,483,504,0,1,4,0,1,264,Y,0,,,,0,Abnorml,85400
432,50,RM,60,,Gtl,1.5Fin,7,1920,Gable,,0,BrkTil,No,0,901,SBrkr,1088,110,0,1,7,0,0,0,N,0,,MnPrv,,0,Abnorml,79900
433,160,RM,24,,Gtl,2Story,5,1971,Gable,BrkFace,376,CBlock,No,471,765,SBrkr,765,600,0,1,6,0,,440,Y,0,,,,0,Normal,122500
434,60,RL,100,,Gtl,2Story,5,1997,Gable,,0,PConc,No,0,926,SBrkr,926,678,0,1,7,1,2,470,Y,0,,,,0,Normal,181000
435,180,RM,21,,Gtl,SFoyer,7,1972,Gable,,0,CBlock,Av,,630,SBrkr,630,0,0,1,3,0,0,0,Y,0,,,,0,Normal,81000
436,60,RL,43,,Gtl,2Story,6,,Gable,,0,PConc,Av,385,799,SBrkr,827,834,0,1,6,1,2,550,Y,0,,,,0,Normal,212000
437,50,RM,40,,Gtl,1.5Fin,8,1920,Gable,,0,BrkTil,No,,648,FuseA,,384,0,1,6,0,2,,Y,0,,,,0,Normal,116000
438,45,RM,50,,Gtl,1.5Unf,7,1926,Gable,,,PConc,No,0,884,SBrkr,904,0,0,1,4,0,1,180,Y,105,,,,0,Normal,119000
439,30,RL,40,,Gtl,1Story,6,1913,Gable,,0,PConc,No,,440,SBrkr,694,0,0,1,4,1,1,352,P,34,,MnPrv,,0,Normal,90350
440,50,RL,67,Grvl,Gtl,1.5Fin,8,1920,Gable,,0,BrkTil,Mn,0,684,SBrkr,684,512,0,1,7,0,2,528,Y,0,,GdPrv,Shed,800,Normal,110000
441,20,RL,105,,Gtl,1Story,5,2008,Hip,Stone,200,PConc,Gd,1767,3094,SBrkr,2402,0,0,1,10,2,3,672,Y,0,,,,0,Normal,555000
442,90,RL,92,,Gtl,1Story,4,1955,Gable,BrkFace,270,CBlock,No,133,1440,FuseF,1440,0,0,2,8,0,0,0,Y,0,,,,0,Normal,118000
443,50,RM,52,,Gtl,1.5Fin,7,1930,Gable,,0,PConc,No,0,1078,SBrkr,1128,445,0,1,8,1,2,360,P,0,,,,0,Normal,162900
444,120,RL,53,,Gtl,1Story,5,2006,Gable,BrkFace,72,PConc,Av,0,1258,SBrkr,1258,0,0,1,6,1,3,648,Y,0,,,,0,Partial,172500
445,60,RL,70,,Gtl,2Story,5,1994,Gable,,0,PConc,No,,915,SBrkr,933,975,0,1,8,1,2,493,Y,0,,,,0,Normal,210000
446,20,RL,73,,Gtl,1Story,5,1956,Hip,,0,CBlock,No,0,1436,SBrkr,1689,0,0,1,7,1,2,480,Y,0,,MnPrv,,0,Normal,127500
447,20,RL,137,,Gtl,1Story,6,1966,Gable,,0,CBlock,No,247,1517,SBrkr,1888,0,0,1,6,1,2,578,Y,0,,,,0,Normal,190000
448,60,RL,,,Gtl,2Story,5,1998,Gable,,0,PConc,No,0,930,SBrkr,956,930,0,1,10,1,2,431,Y,0,,,,0,Normal,199900
449,50,RM,50,,Gtl,1.5Fin,6,1937,Gable,,0,BrkTil,No,0,780,SBrkr,780,596,0,1,7,1,1,198,N,0,,,,0,Normal,119500
450,50,RM,50,,Gtl,1.5Fin,7,1948,Gable,,0,CBlock,No,331,649,SBrkr,679,504,0,1,6,0,1,308,Y,0,,,,0,Normal,120000
451,30,RM,70,,Gtl,1Story,8,1930,Hip,,0,BrkTil,No,0,813,FuseA,813,0,0,1,5,0,1,270,N,0,,,,0,Normal,110000
452,20,RL,62,,Mod,1Story,5,1975,Gable,,0,CBlock,Gd,,1533,SBrkr,1533,0,0,1,5,2,2,576,Y,0,,,,0,Normal,280000
453,60,RL,,,Gtl,2Story,5,1996,Hip,BrkFace,42,PConc,No,742,872,SBrkr,888,868,0,1,7,0,2,,Y,0,,,,0,Normal,204000
454,60,FV,75,,Gtl,2Story,5,2008,Gable,,0,PConc,No,0,768,SBrkr,786,804,0,1,6,0,2,676,Y,0,,,,0,Normal,210000
455,90,RL,63,,Gtl,1Story,5,1976,Gable,,0,CBlock,No,1606,1728,SBrkr,1728,0,0,2,8,0,,560,Y,0,,,,0,Family,188000
456,20,RL,80,,Gtl,1Story,6,1973,Hip,BrkFace,,CBlock,No,916,1242,SBrkr,1242,0,0,1,6,1,2,528,Y,0,,,,0,Normal,175500
457,70,RM,34,Grvl,Gtl,2Story,5,1916,Gable,,0,BrkTil,No,0,624,SBrkr,624,720,0,1,7,0,3,513,Y,96,,,,0,Abnorml,98000
458,20,RL,,,Mod,1Story,6,1954,Flat,,0,CBlock,Gd,1116,1364,SBrkr,,0,0,1,6,2,2,529,Y,0,,,,0,Normal,256000
459,70,RM,,Grvl,Gtl,2Story,7,1925,Hip,,0,PConc,No,0,588,SBrkr,833,833,0,1,7,1,,228,Y,0,,MnPrv,,0,Normal,161000
460,50,RL,,,Gtl,1.5Fin,4,1950,Gable,BrkCmn,161,CBlock,No,185,709,SBrkr,979,224,0,1,5,1,1,352,Y,248,,,,0,Normal,110000
461,60,FV,75,,Gtl,2Story,5,2009,Gable,Stone,110,PConc,No,544,,SBrkr,832,1103,0,1,8,0,2,,Y,0,,,,0,Partial,263435
462,70,RL,60,,Gtl,2Story,9,1936,Gable,,,PConc,No,350,560,SBrkr,,560,0,1,6,0,2,576,Y,0,,MnPrv,,0,Normal,155000
463,20,RL,60,,Gtl,1Story,5,1965,Gable,,0,CBlock,No,,864,SBrkr,864,0,0,1,5,1,1,360,Y,236,,GdWo,,0,Normal,62383
464,70,RL,74,,Mod,2Story,7,1934,Hip,,,CBlock,No,326,715,FuseA,849,811,0,1,6,1,1,240,Y,0,,,,0,Normal,188700
465,20,RL,60,,Mod,1Story,5,1978,Gable,BrkFace,136,CBlock,No,616,1040,SBrkr,1040,0,0,1,5,0,0,0,Y,0,,,,0,Normal,124000
466,120,RM,,,Gtl,1Story,5,2004,Hip,BrkFace,18,PConc,No,0,1375,SBrkr,,0,0,1,6,1,2,398,Y,0,,,,0,Normal,178740
467,20,RL,85,,Gtl,1Story,5,,Flat,,0,CBlock,Gd,,1277,SBrkr,1277,0,0,1,5,1,2,526,Y,0,,GdWo,,0,Normal,167000
468,70,RL,79,,Gtl,2Story,7,1942,Gable,Stone,224,CBlock,No,386,728,SBrkr,888,756,0,1,7,2,1,312,Y,0,,,,0,Normal,146500
469,20,RL,98,,Gtl,1Story,5,2006,Gable,Stone,248,PConc,No,0,1626,SBrkr,1634,0,0,1,7,1,3,866,Y,0,,,,0,Normal,250000
470,60,RL,76,,Gtl,2Story,5,,Gable,BrkFace,120,PConc,No,426,,SBrkr,832,878,0,1,7,0,2,506,Y,0,,,,0,Normal,187000
471,120,RL,,,Gtl,1Story,5,1985,Gable,,0,PConc,Av,368,1488,SBrkr,1502,0,0,1,4,0,2,528,Y,0,,,,0,Normal,212000
472,60,RL,92,,Gtl,2Story,6,1977,Mansard,,,CBlock,No,0,808,SBrkr,1161,808,0,1,8,1,,534,Y,0,,,,0,Normal,190000
473,180,RM,35,,Gtl,SLvl,5,2005,Gable,BrkFace,80,PConc,Gd,,547,SBrkr,1072,0,0,1,5,0,2,525,Y,0,,,,0,Normal,148000
474,20,RL,110,,Gtl,1Story,5,2006,Gable,BrkFace,304,PConc,Gd,1350,1976,SBrkr,1976,0,0,1,7,1,3,908,Y,0,,,,0,Partial,440000
475,120,RL,41,,Gtl,1Story,5,2000,Gable,,0,PConc,Av,1196,1494,SBrkr,1652,0,0,1,6,0,2,499,Y,0,,,,0,Normal,251000
476,20,RL,80,,Gtl,1Story,6,1963,Hip,,0,CBlock,No,630,970,SBrkr,970,0,0,1,5,0,2,624,Y,0,,,,0,Normal,132500
477,20,RL,75,,Mod,1Story,5,1997,Gable,BrkFace,215,PConc,Gd,994,1478,SBrkr,1493,0,0,1,7,1,2,508,Y,0,,,,0,Normal,208900
478,60,RL,105,,Gtl,2Story,5,2006,Hip,BrkFace,772,PConc,Av,0,2153,SBrkr,2069,574,0,1,9,1,3,694,Y,0,,,,0,Normal,380000
479,20,RL,79,,Gtl,1Story,5,,Hip,Stone,336,PConc,Gd,1288,1705,SBrkr,1718,0,0,1,7,1,3,826,Y,0,,,,0,Normal,297000
480,30,RM,50,,Gtl,1Story,7,1937,Hip,BrkCmn,435,BrkTil,No,168,907,SBrkr,1131,0,0,1,7,0,2,672,Y,0,,MnPrv,,0,Alloca,89471
481,20,RL,98,,Gtl,1Story,5,2004,Hip,BrkFace,378,PConc,Gd,1261,1833,SBrkr,1850,0,0,1,8,1,,772,Y,0,,,,0,Normal,326000
482,20,RL,72,,Gtl,1Story,5,2003,Hip,BrkFace,562,PConc,Gd,1567,1792,SBrkr,1792,0,0,1,6,1,3,874,Y,0,,,,0,Normal,374000
483,70,RM,50,Pave,Gtl,2Story,8,1915,Gable,,0,PConc,No,299,910,SBrkr,916,910,0,1,7,1,1,164,Y,0,,,,0,Normal,155000
484,120,RM,32,,Gtl,1Story,5,1998,Hip,BrkFace,116,PConc,No,897,1216,SBrkr,,0,0,1,5,0,2,402,Y,0,,,,0,Normal,164000
485,20,RL,,,Gtl,1Story,7,1962,Gable,,0,CBlock,No,588,999,SBrkr,999,0,0,1,6,0,1,264,Y,0,,,,0,Normal,132500
486,20,RL,80,,Gtl,1Story,7,1950,Gable,,0,CBlock,No,607,1113,SBrkr,1113,0,0,1,5,1,1,264,Y,120,,,,0,Normal,147000
487,20,RL,79,,Gtl,1Story,7,1965,Hip,BrkFace,,CBlock,No,836,1073,SBrkr,1073,0,0,1,6,0,2,515,Y,0,,,,0,Normal,156000
488,20,RL,70,,Gtl,1Story,6,1971,Gable,,0,CBlock,Av,998,1484,SBrkr,1484,0,0,1,7,1,2,487,Y,0,,,,0,Normal,175000
489,190,RL,60,,Gtl,1.5Fin,4,1900,Gable,,0,CBlock,No,664,954,FuseA,1766,648,0,2,10,1,2,520,N,0,,,,0,Normal,160000
490,180,RM,21,,Gtl,SFoyer,8,1970,Gable,,0,CBlock,Av,,630,SBrkr,630,0,0,1,3,0,1,286,Y,0,,,,0,Normal,86000
491,160,RM,,,Gtl,2Story,6,1976,Gable,,0,PConc,Mn,0,264,SBrkr,616,688,0,1,4,1,,336,Y,0,,,,0,Normal,115000
492,50,RL,79,,Gtl,1.5Fin,7,1941,Gable,,0,CBlock,No,403,806,FuseA,958,620,0,1,5,2,1,240,Y,32,,MnPrv,,0,Normal,133000
493,60,RL,105,,Gtl,2Story,5,2006,Gable,,0,PConc,No,0,728,SBrkr,728,728,0,1,8,0,2,,Y,0,,,,0,Partial,172785
494,20,RL,70,,Gtl,1Story,6,1960,Gable,,0,CBlock,No,374,1269,FuseA,1269,0,0,1,6,1,1,308,Y,0,,,,0,Normal,155000
495,30,RM,50,,Gtl,1Story,8,1938,Gable,,0,BrkTil,No,0,190,FuseA,886,0,0,1,4,0,1,273,Y,80,,,,0,Normal,91300
496,30,C (all),60,,Gtl,1Story,5,1920,Gable,,0,CBlock,No,495,720,FuseA,720,0,0,1,4,0,0,0,N,115,,GdWo,,0,Abnorml,34900
497,20,RL,,,Gtl,1Story,5,1992,Hip,,0,PConc,No,1231,3200,SBrkr,3228,0,0,1,10,1,2,546,Y,291,,,,0,Normal,430000
498,50,RL,60,Pave,Gtl,1.5Fin,6,1925,Gable,,0,PConc,No,329,1026,SBrkr,1133,687,0,1,8,0,1,240,N,0,,GdPrv,,0,Normal,184000
499,20,RL,65,,Gtl,1Story,7,1967,Hip,BrkFace,89,PConc,No,,864,SBrkr,899,0,0,1,5,0,1,,Y,0,,MnPrv,,0,Normal,130000
500,20,RL,70,,Gtl,1Story,7,1958,Gable,,0,CBlock,No,111,912,SBrkr,912,0,0,1,5,0,,297,Y,0,,MnWw,Shed,480,Normal,120000
501,160,RM,21,,Gtl,2Story,5,1973,Gable,BrkFace,285,CBlock,No,356,672,SBrkr,672,546,0,1,7,0,1,264,Y,0,,,,0,Normal,113000
502,60,FV,75,,Gtl,2Story,5,2005,Gable,,0,PConc,No,400,866,SBrkr,866,902,0,1,7,0,2,603,Y,0,,,,0,Normal,226700
503,20,RL,70,,Gtl,1Story,7,,Hip,,0,CBlock,No,698,1214,SBrkr,1214,0,0,1,6,0,2,,Y,184,,GdPrv,Shed,400,Normal,140000
504,20,RL,100,,Gtl,1Story,8,1959,Gable,,0,CBlock,No,1247,1501,SBrkr,1801,0,0,1,6,2,2,484,Y,0,,GdWo,,0,Normal,289000
505,160,RL,24,,Gtl,2Story,5,1974,Gable,,0,CBlock,No,257,855,SBrkr,855,467,0,1,6,1,2,440,Y,0,,,,0,Normal,147000
506,90,RM,60,Grvl,Gtl,2Story,5,1952,Hip,BrkFace,360,CBlock,No,0,960,SBrkr,960,1000,0,2,10,0,2,400,N,0,,,,0,Normal,124500
507,60,RL,80,,Gtl,2Story,5,1993,Gable,BrkFace,125,PConc,No,380,777,SBrkr,1065,846,0,1,8,1,2,471,Y,0,,,,0,Normal,215000
508,20,FV,75,,Gtl,1Story,5,2009,Gable,,0,PConc,No,27,1218,SBrkr,1218,0,0,1,4,0,2,676,Y,0,,,,0,Partial,208300
509,70,RM,60,,Gtl,2Story,9,1928,Gambrel,,0,BrkTil,No,141,689,SBrkr,689,689,0,1,7,1,2,360,N,116,,,,0,Normal,161000
510,20,RL,80,,Gtl,1Story,6,1959,Gable,BrkFace,132,CBlock,No,991,1041,SBrkr,1041,0,0,1,6,0,1,270,Y,0,,MnPrv,,0,Normal,124500
511,20,RL,75,,Gtl,1Story,7,1951,Hip,BrkCmn,70,CBlock,No,650,1008,SBrkr,,0,0,1,6,2,1,288,Y,0,,,Shed,2000,Normal,164900
512,120,RL,40,,Gtl,1Story,5,2005,Gable,Stone,94,PConc,No,0,1368,SBrkr,1368,0,0,1,6,1,2,474,Y,0,,,,0,Partial,202665
513,20,RL,70,,Gtl,1Story,5,1958,Gable,,0,CBlock,No,521,864,SBrkr,864,0,0,1,5,0,2,624,Y,0,,,,0,Normal,129900
514,20,RL,71,,Gtl,1Story,5,1983,Gable,,0,PConc,No,336,1084,SBrkr,1080,0,0,1,5,0,2,484,Y,158,,,,0,Normal,134000
515,45,RL,55,,Gtl,1.5Unf,5,1926,Gable,,0,BrkTil,No,0,768,SBrkr,789,0,0,1,5,0,,200,Y,112,,MnPrv,,0,Normal,96500
516,20,RL,94,,Gtl,1Story,5,2009,Hip,BrkFace,305,CBlock,No,1436,2006,SBrkr,2020,0,0,1,9,1,,900,Y,0,,,,0,Partial,402861
517,80,RL,,,Gtl,SLvl,6,1972,Gable,BrkFace,333,CBlock,No,0,689,SBrkr,,741,0,1,7,1,2,583,Y,0,,GdPrv,,0,Abnorml,158000
518,60,RL,79,,Gtl,2Story,5,1996,Gable,BrkFace,921,PConc,No,0,1264,SBrkr,1277,1067,0,1,7,1,3,889,Y,0,,,,0,Normal,265000
519,60,RL,,,Gtl,2Story,5,1998,Gable,,0,PConc,Mn,706,794,SBrkr,882,914,0,1,7,0,2,,Y,0,,MnPrv,,0,Normal,211000
520,70,RL,53,,Gtl,2Story,9,1926,Gambrel,,0,BrkTil,No,0,1276,SBrkr,1276,804,0,1,9,2,1,282,Y,0,,MnPrv,,0,Normal,234000
521,190,RL,60,Grvl,Gtl,2Story,7,1900,Gable,,0,BrkTil,,0,0,FuseA,694,600,0,2,7,0,0,0,N,210,,,,0,Normal,106250
522,20,RL,90,,Gtl,1Story,6,1957,Gable,,0,CBlock,No,777,,FuseA,1244,0,0,1,6,2,1,336,Y,0,,,,0,Normal,150000
523,50,RM,50,,Gtl,1.5Fin,7,1947,Gable,,0,CBlock,No,399,1004,SBrkr,1004,660,0,1,7,2,2,420,Y,36,,,,0,Normal,159000
524,60,RL,130,,Gtl,2Story,5,2007,Hip,Stone,,PConc,Gd,,3138,SBrkr,3138,1538,0,1,11,1,3,884,Y,0,,,,0,Partial,184750
525,60,RL,95,,Gtl,2Story,5,1996,Gable,BrkFace,594,PConc,No,719,1379,SBrkr,1383,1015,0,1,8,1,3,834,Y,0,,,,0,Normal,315750
526,20,FV,62,Pave,Gtl,1Story,5,2005,Gable,,0,PConc,No,0,1257,SBrkr,1266,0,0,1,6,1,2,453,Y,0,,,,0,Normal,176000
527,20,RL,70,,Gtl,1Story,7,1956,Hip,,,CBlock,No,377,928,SBrkr,928,0,0,1,4,0,1,252,Y,156,,,,0,Normal,132000
528,60,RL,67,,Gtl,2Story,5,2008,Hip,Stone,268,PConc,Av,1330,1452,SBrkr,1476,1237,0,1,11,1,3,858,Y,0,,,,0,Partial,446261
529,30,RL,58,,Gtl,1Story,7,1920,Gable,,0,BrkTil,Mn,348,528,SBrkr,605,0,0,1,5,0,,0,N,144,,,,0,Normal,86000
530,20,RL,,,Gtl,1Story,3,1957,Hip,,,PConc,No,1219,2035,SBrkr,2515,0,0,2,9,2,2,484,Y,200,,,,0,Alloca,200624
531,80,RL,85,,Gtl,SLvl,5,1988,Gable,BrkFace,219,CBlock,Av,783,,SBrkr,1509,0,0,1,5,1,2,600,Y,0,,,,0,Abnorml,175000
532,70,RM,60,,Gtl,2Story,8,1920,Gable,,0,BrkTil,Mn,0,611,SBrkr,751,611,0,1,6,0,2,502,Y,84,,,,0,Normal,128000
533,20,RL,60,,Gtl,1Story,7,1955,Gable,,0,Slab,,0,0,SBrkr,827,0,0,1,5,1,1,392,Y,0,,,,0,Normal,107500
534,20,RL,50,,Mod,1Story,3,1946,Gable,,0,Slab,,0,0,FuseF,334,0,0,1,2,0,0,0,N,0,,,,0,Normal,39300
535,60,RL,74,,Gtl,2Story,5,2004,Gable,,0,PConc,Av,,,SBrkr,707,707,0,1,6,1,2,403,Y,0,,,,0,Normal,178000
536,190,RL,70,,Gtl,2Story,7,1910,Gable,,,CBlock,Gd,969,1117,SBrkr,820,527,0,1,5,0,0,0,N,148,,,,0,Normal,107500
537,60,RL,57,,Gtl,2Story,5,1998,Gable,,0,PConc,Av,0,880,SBrkr,880,844,0,1,8,0,2,527,Y,0,,,,0,Normal,188000
538,20,RL,,,Gtl,1Story,5,1972,Hip,,0,CBlock,No,600,864,SBrkr,864,0,0,1,5,0,2,576,Y,0,,MnWw,,0,Normal,111250
539,20,RL,,,Gtl,1Story,5,1968,Hip,BrkFace,188,CBlock,No,673,1051,SBrkr,1159,0,0,1,7,1,1,336,Y,0,,,,0,Normal,158000
540,20,RL,,,Gtl,1Story,5,2001,Gable,BrkFace,479,PConc,Av,1358,1581,SBrkr,1601,0,0,1,6,1,,670,Y,0,,MnPrv,Shed,2000,Normal,272000
541,20,RL,85,,Gtl,1Story,5,2006,Hip,BrkFace,584,PConc,Av,1260,1838,SBrkr,,0,0,1,8,1,3,765,Y,0,,,,0,Normal,315000
542,60,RL,,,Gtl,2Story,5,2000,Gable,BrkFace,72,PConc,No,0,969,SBrkr,997,1288,0,1,8,1,3,648,Y,0,,,,0,Normal,248000
543,20,RL,78,,Gtl,1Story,5,,Hip,,0,PConc,No,144,1650,SBrkr,1680,0,0,1,7,1,2,583,Y,0,,,,0,Normal,213250
544,120,RH,34,,Gtl,SFoyer,5,1998,Gable,BrkFace,182,PConc,Av,584,723,SBrkr,767,0,0,1,4,0,1,367,Y,0,,,,0,Normal,133000
545,60,RL,58,,Gtl,2Story,5,,Gable,,0,PConc,Av,,654,SBrkr,664,832,0,1,7,1,,426,Y,0,,,,0,Partial,179665
546,50,RL,,,Gtl,1.5Fin,5,1988,Gable,BrkFace,178,PConc,No,1002,1204,SBrkr,1377,806,0,1,9,0,,786,Y,0,,,,0,Normal,229000
547,50,RL,70,,Gtl,1.5Fin,7,1923,Gable,,,BrkTil,No,300,1065,FuseA,915,720,0,1,6,1,2,,Y,0,,,,0,Normal,210000
548,85,RL,54,,Gtl,SFoyer,7,1970,Gable,,0,CBlock,Av,619,768,SBrkr,768,0,0,1,5,0,2,624,Y,0,,,,0,Normal,129500
549,20,RM,49,,Gtl,1Story,7,,Gable,,0,CBlock,No,180,825,SBrkr,825,0,0,1,4,0,2,720,Y,0,,MnPrv,,0,Normal,125000
550,60,FV,75,,Gtl,2Story,5,2003,Gable,,,PConc,No,0,912,SBrkr,912,1182,0,1,8,1,2,615,Y,0,,,,0,Normal,263000
551,120,RL,53,,Gtl,1Story,6,1977,Gable,,0,CBlock,No,559,1069,SBrkr,1069,0,0,1,4,0,2,440,Y,0,,,,0,Abnorml,140000
552,20,RM,50,,Gtl,1Story,6,1957,Hip,,0,CBlock,No,,928,FuseA,928,0,0,1,5,0,1,288,Y,0,,,,0,Normal,112500
553,20,RL,87,,Gtl,1Story,5,2006,Gable,Stone,250,PConc,Av,0,,SBrkr,1717,0,0,1,7,1,3,908,Y,0,,,,0,Normal,255500
554,20,RL,67,,Gtl,1Story,5,1949,Gable,,0,CBlock,,0,0,SBrkr,1126,0,0,1,5,0,2,520,N,0,,MnPrv,,0,Normal,108000
555,60,RL,85,,Gtl,2Story,5,2003,Gable,BrkFace,292,PConc,No,866,998,SBrkr,1006,1040,0,1,8,1,3,871,Y,0,,,,0,Normal,284000
556,45,RM,58,,Gtl,1.5Unf,6,1922,Gable,,0,BrkTil,No,0,993,FuseA,1048,0,0,1,5,1,1,280,Y,116,,,,0,Normal,113000
557,20,RL,69,,Gtl,1Story,5,1957,Gable,,0,CBlock,No,895,1092,FuseA,1092,0,0,1,6,1,1,299,Y,0,,MnWw,,0,Normal,141000
558,50,C (all),60,,Mod,1.5Fin,6,1920,Gable,,,CBlock,No,637,637,SBrkr,897,439,0,1,7,0,1,570,Y,120,,,,0,Normal,108000
559,60,RL,57,,Gtl,2Story,5,1996,Gable,,0,PConc,Gd,604,729,SBrkr,729,717,0,1,6,1,,406,Y,0,,,,0,Normal,175000
560,120,RL,,,Gtl,1Story,5,2003,Gable,BrkFace,18,PConc,Gd,0,1374,SBrkr,1557,0,0,1,7,1,2,420,Y,0,,,,0,Normal,234000
561,20,RL,,,Gtl,1Story,6,1957,Hip,BrkFace,180,CBlock,No,1302,1392,SBrkr,1392,0,0,1,5,1,2,528,Y,0,,,,0,Normal,121500
562,20,RL,77,,Mod,1Story,5,1974,Gable,,0,CBlock,Av,1071,1389,SBrkr,1389,0,0,1,6,1,2,418,Y,0,,,,0,Normal,170000
563,30,RL,63,,Gtl,1Story,6,1940,Gable,,0,CBlock,No,290,996,SBrkr,996,0,0,1,6,1,0,0,Y,0,,,,0,Normal,108000
564,50,RL,66,,Gtl,1.5Fin,7,1918,Gable,,0,BrkTil,Mn,0,1163,SBrkr,1163,511,0,1,8,1,2,396,N,0,,,,0,Normal,185000
565,60,RL,,,Gtl,2Story,5,1992,Gable,,0,PConc,No,728,1095,SBrkr,1166,1129,0,1,9,1,2,,Y,0,,,,0,Normal,268000
566,70,RL,66,,Gtl,2Story,4,1915,Gable,,,PConc,No,0,,FuseF,841,806,0,1,6,0,1,216,Y,136,,,,0,Normal,128000
567,60,RL,77,,Gtl,2Story,5,2005,Hip,BrkFace,,PConc,No,0,1122,SBrkr,1134,1370,0,1,11,1,3,656,Y,0,,,,0,Normal,325000
568,20,RL,70,,Gtl,1Story,5,2004,Gable,BrkFace,168,PConc,No,2,1517,SBrkr,1535,0,0,1,7,0,2,532,Y,0,,,,0,Normal,214000
569,50,RL,79,,Mod,1.5Fin,8,1983,Gable,,0,CBlock,Gd,1441,,SBrkr,1496,636,0,1,5,1,2,612,Y,0,,,,0,Normal,316600
570,90,RL,,,Gtl,SFoyer,5,,Gable,,0,CBlock,Gd,943,943,SBrkr,943,0,0,1,4,2,2,600,Y,0,,,,0,Normal,135960
571,90,RL,74,,Gtl,1Story,5,1965,Gable,BrkFace,108,CBlock,No,231,1728,SBrkr,1728,0,0,2,10,0,,576,Y,0,,,,0,Normal,142600
572,20,RL,60,,Gtl,1Story,6,1959,Gable,BrkFace,207,CBlock,No,414,864,SBrkr,864,0,0,1,4,0,1,288,Y,0,,,,0,Abnorml,120000
573,60,RL,83,,Gtl,2Story,5,2009,Gable,,0,PConc,Av,0,846,SBrkr,846,846,0,1,6,0,2,650,Y,0,,,,0,Partial,224500
574,80,RL,76,,Gtl,SLvl,5,2000,Gable,,0,PConc,No,0,384,SBrkr,774,656,0,1,8,1,2,400,Y,0,,,,0,Normal,170000
575,80,RL,70,,Gtl,SLvl,7,1971,Gambrel,BrkFace,82,CBlock,Av,349,372,SBrkr,576,533,0,1,5,0,1,288,Y,0,,GdWo,,0,Normal,139000
576,50,RL,80,,Gtl,1.5Fin,5,1947,Gable,,0,CBlock,No,442,832,SBrkr,832,384,0,1,6,0,1,336,Y,102,,,,0,Abnorml,118500
577,50,RL,52,,Gtl,1.5Fin,7,1928,Gable,,0,BrkTil,No,0,,SBrkr,877,600,0,1,6,1,1,216,Y,0,,,,0,Normal,145000
578,80,RL,96,,Gtl,SLvl,6,1966,Gable,BrkFace,,CBlock,Av,328,1164,SBrkr,1320,0,0,1,6,2,2,,Y,240,,,,0,Abnorml,164500
579,160,FV,34,Pave,Gtl,2Story,5,2007,Gable,,0,PConc,No,0,689,SBrkr,703,689,0,1,5,0,2,540,Y,0,,,,0,Abnorml,146000
580,50,RM,81,Grvl,Gtl,1.5Fin,5,1954,Gable,BrkFace,335,BrkTil,No,0,1050,FuseF,1050,745,0,1,7,0,1,352,Y,0,,,,0,Normal,131500
581,20,RL,,,Gtl,1Story,6,,Gable,BrkFace,85,CBlock,No,594,,SBrkr,1429,0,0,1,7,2,2,572,Y,0,,,,0,Normal,181900
582,20,RL,98,,Gtl,1Story,5,2008,Hip,BrkFace,306,PConc,No,0,2042,SBrkr,2042,0,0,1,8,1,3,1390,Y,0,,,,0,Partial,253293
583,90,RL,81,,Gtl,SFoyer,5,1990,Gable,BrkFace,104,CBlock,Av,816,816,SBrkr,816,0,0,1,5,0,0,0,Y,0,,,,0,Normal,118500
584,75,RM,75,,Gtl,2.5Unf,9,1893,Gable,,0,BrkTil,No,0,1237,SBrkr,,1254,0,1,9,1,2,880,Y,0,,,,0,Normal,325000
585,50,RM,51,,Gtl,1.5Fin,7,1935,Gable,,0,BrkTil,No,0,884,SBrkr,989,584,0,1,6,0,1,240,Y,54,,,,0,Normal,133000
586,20,RL,88,,Gtl,1Story,5,2005,Hip,BrkFace,,PConc,Gd,1460,1868,SBrkr,2028,0,0,1,7,2,3,880,Y,0,,,,0,Partial,369900
587,30,RL,55,,Gtl,1Story,7,1918,Gable,,0,BrkTil,Mn,210,816,SBrkr,838,0,0,1,5,0,1,275,N,112,,MnWw,,0,Normal,130000
588,85,RL,74,,Gtl,SFoyer,6,1982,Hip,,,CBlock,Av,672,840,SBrkr,860,0,0,1,4,0,,528,Y,0,,,,0,Normal,137000
589,20,RL,65,,Sev,1Story,8,,Flat,,0,CBlock,Gd,1324,1437,SBrkr,1473,0,0,1,5,2,1,452,Y,0,,,,0,Partial,143000
590,40,RM,50,,Gtl,1Story,6,1930,Gable,,0,BrkTil,No,0,742,FuseA,779,0,156,1,4,0,1,308,P,0,,,Shed,600,Normal,79500
591,60,RL,64,,Gtl,2Story,5,2004,Gable,,0,PConc,No,490,770,SBrkr,770,812,0,1,6,0,2,,Y,0,,,,0,Normal,185900
592,60,RL,97,,Gtl,2Story,5,,Gable,Stone,420,PConc,Gd,1338,1722,SBrkr,1728,568,0,1,10,1,3,842,Y,0,,,,0,Normal,451950
593,20,RL,60,,Gtl,1Story,8,1982,Gable,,0,PConc,No,816,816,SBrkr,816,0,0,1,4,0,2,816,Y,0,,,,0,Normal,138000
594,120,RM,,,Gtl,1Story,5,2003,Gable,BrkFace,170,PConc,Av,685,848,SBrkr,848,0,0,1,4,0,2,420,Y,0,,,,0,Normal,140000
595,20,RL,88,,Gtl,1Story,6,1975,Hip,,,CBlock,No,0,,SBrkr,924,0,0,1,5,0,1,280,Y,0,,MnPrv,,0,Normal,110000
596,20,RL,69,,Gtl,1Story,5,2005,Gable,BrkFace,238,PConc,Gd,1422,1814,SBrkr,1826,0,0,1,7,1,3,758,Y,0,,,,0,Partial,319000
597,70,RM,60,Grvl,Gtl,2Story,7,1910,Gable,,0,CBlock,No,0,684,FuseA,684,684,0,1,7,0,1,216,N,0,,,,0,Normal,114504
598,120,RL,53,,Gtl,1Story,5,2006,Gable,BrkFace,72,PConc,Av,0,1258,SBrkr,1402,0,0,1,7,1,3,648,Y,0,,,,0,Partial,194201
599,20,RL,80,,Gtl,1Story,6,1977,Gable,BrkFace,459,CBlock,Mn,1283,1430,SBrkr,1647,0,0,1,7,1,2,621,Y,0,,,,0,Normal,217500
600,160,RM,24,,Gtl,2Story,6,1980,Gable,,0,CBlock,No,81,716,SBrkr,716,840,0,1,6,1,,452,Y,0,,GdPrv,,0,Normal,151000
601,60,RL,74,,Gtl,2Story,5,2005,Gable,BrkFace,,PConc,Av,546,1058,SBrkr,1058,846,0,1,8,1,2,736,Y,0,,,,0,Normal,275000
602,50,RM,50,,Gtl,1.5Fin,6,1937,Gable,,0,PConc,No,0,780,SBrkr,,595,0,1,6,1,,544,P,0,,,,0,Normal,141000
603,60,RL,80,,Gtl,2Story,5,1992,Gable,,0,PConc,Mn,789,908,SBrkr,927,988,0,1,8,1,,506,Y,0,,,,0,Abnorml,220000
604,160,FV,30,Pave,Gtl,2Story,5,2004,Gable,,0,PConc,No,0,600,SBrkr,,600,0,1,4,0,,480,Y,0,,,,0,Normal,151000
605,20,RL,88,,Gtl,1Story,5,2002,Gable,BrkFace,99,PConc,Mn,922,1494,SBrkr,1494,0,0,1,6,1,2,530,Y,0,,,,0,Normal,221000
606,60,RL,85,,Gtl,2Story,6,1965,Gable,BrkFace,176,CBlock,No,454,768,SBrkr,1186,800,0,1,7,3,2,486,Y,0,,,,0,Normal,205000
607,20,RL,82,,Mod,1Story,5,1996,Gable,,0,PConc,No,732,1040,SBrkr,1040,0,0,1,6,0,,576,Y,0,,GdPrv,,0,Normal,152000
608,20,RL,78,,Mod,2Story,8,1948,Gable,,0,CBlock,No,,896,SBrkr,1112,896,0,1,8,0,1,230,Y,0,,,,0,Normal,225000
609,70,RL,78,,Mod,2Story,6,1934,Gable,,0,PConc,Mn,428,965,SBrkr,1940,1254,0,1,10,2,2,,Y,0,,,,0,Alloca,359100
610,20,RL,61,,Gtl,1Story,5,1961,Gable,BrkCmn,192,CBlock,Mn,903,,SBrkr,1029,0,0,1,5,0,,261,Y,39,,,,0,Normal,118500
611,60,RL,,,Gtl,2Story,5,2000,Hip,BrkFace,204,PConc,Mn,904,1440,SBrkr,1476,677,0,1,8,2,3,736,Y,0,,,,0,Normal,313000
612,80,RL,,,Gtl,SLvl,6,1978,Gable,BrkFace,233,CBlock,Av,605,1032,SBrkr,1032,0,0,1,6,1,2,564,Y,0,,MnPrv,Shed,500,Normal,148000
613,60,RL,,,Gtl,2Story,5,2001,Gable,BrkFace,108,PConc,Av,,1299,SBrkr,1299,573,0,1,7,1,2,,Y,0,,,,0,Normal,261500
614,20,RL,70,,Gtl,1Story,5,2007,Gable,,0,PConc,No,206,1120,SBrkr,1120,0,0,1,6,0,0,0,Y,0,,,,0,Partial,147000
615,180,RM,21,,Gtl,SFoyer,6,1972,Gable,,0,CBlock,Av,150,630,SBrkr,630,0,0,1,3,0,0,0,Y,0,,,,0,Normal,75500
616,85,RL,80,,Gtl,SFoyer,7,1963,Gable,BrkFace,,PConc,Gd,763,936,SBrkr,1054,0,0,1,6,0,2,480,Y,0,,MnPrv,,0,Abnorml,137500
617,60,RL,,,Gtl,2Story,5,2002,Gable,,0,PConc,No,,783,SBrkr,807,702,0,1,7,1,2,393,Y,0,,,,0,Normal,183200
618,45,RL,59,,Mod,1.5Unf,6,1954,Gable,,0,CBlock,No,,,SBrkr,832,0,0,1,4,0,2,528,Y,0,,,,0,Normal,105500
619,20,RL,90,,Gtl,1Story,5,2007,Hip,BrkFace,452,PConc,Av,,1822,SBrkr,1828,0,0,1,9,1,3,774,Y,0,,,,0,Partial,314813
620,60,RL,85,,Gtl,2Story,5,2003,Hip,Stone,226,PConc,Gd,871,1482,SBrkr,1482,780,0,1,10,2,3,749,Y,0,,,,0,Normal,305000
621,30,RL,45,Grvl,Gtl,1Story,3,1914,Gable,,0,BrkTil,No,41,864,FuseF,864,0,0,1,5,0,0,0,N,100,,,,0,Normal,67000
622,60,RL,90,,Gtl,2Story,7,1974,Gable,,0,CBlock,No,956,1522,SBrkr,1548,1066,0,1,9,1,2,624,Y,0,,,,0,Normal,240000
623,20,RL,71,,Gtl,1Story,6,1977,Gable,BrkFace,153,CBlock,No,560,980,SBrkr,980,0,0,1,6,0,2,484,Y,0,,,,0,Normal,135000
624,160,FV,,,Gtl,2Story,5,2000,Gable,BrkFace,513,PConc,No,420,756,SBrkr,756,756,0,1,4,1,2,440,Y,0,,,,0,Normal,168500
625,60,RL,80,,Gtl,2Story,5,1972,Gable,,288,CBlock,No,247,732,SBrkr,1012,778,0,1,8,1,2,,Y,0,,,,0,Normal,165150
626,20,RL,87,,Gtl,1Story,6,1962,Hip,BrkFace,261,CBlock,No,0,1116,SBrkr,1116,0,0,1,5,0,2,,Y,0,,,,0,Normal,160000
627,20,RL,,,Gtl,1Story,5,1960,Hip,,0,CBlock,No,,978,SBrkr,1422,0,0,1,6,1,1,286,Y,36,,GdWo,Shed,600,Normal,139900
628,80,RL,80,,Gtl,SLvl,6,1955,Gable,BrkFace,164,CBlock,Av,,1156,SBrkr,,0,0,1,7,2,1,364,Y,189,,,,0,Normal,153000
629,60,RL,70,,Sev,2Story,5,1969,Gable,BrkFace,,PConc,Av,650,1040,SBrkr,1040,1040,0,1,9,2,2,504,Y,0,,,,0,Family,135000
630,80,RL,82,,Gtl,SLvl,5,1964,Gable,BrkFace,259,CBlock,Gd,,1248,SBrkr,1350,0,0,1,6,0,2,,Y,0,,GdPrv,,0,Normal,168500
631,70,RM,50,Grvl,Gtl,2Story,6,1880,Gable,,0,BrkTil,No,0,636,FuseA,1089,661,0,1,8,0,1,240,N,293,,MnPrv,,0,Abnorml,124000
632,120,RL,34,,Gtl,1Story,5,2006,Gable,Stone,108,PConc,Mn,24,1554,SBrkr,,0,0,1,6,1,2,627,Y,0,,,,0,Normal,209500
633,20,RL,85,,Gtl,1Story,5,1977,Hip,BrkFace,209,CBlock,No,822,,SBrkr,1411,0,0,1,6,1,2,544,Y,0,,,,0,Family,82500
634,20,RL,80,,Gtl,1Story,7,,Gable,,0,CBlock,No,480,1056,SBrkr,1056,0,0,1,6,0,1,260,Y,0,,,,0,Normal,139400
635,90,RL,64,,Gtl,SFoyer,5,1980,Gable,,0,CBlock,No,1056,1056,SBrkr,1056,0,0,2,4,0,2,576,Y,0,,GdPrv,Shed,600,Normal,144000
636,190,RH,60,Pave,Gtl,2.5Fin,7,1914,Hip,,0,CBlock,No,256,1440,FuseA,1440,1440,515,2,14,0,0,0,N,0,,,,0,Abnorml,200000
637,30,RM,51,,Gtl,1Story,3,1936,Gable,,0,BrkTil,No,0,264,FuseA,800,0,0,1,4,1,0,0,N,0,,,,0,Normal,60000
638,190,RM,50,,Gtl,1.5Fin,4,1954,Gable,,0,CBlock,No,0,811,FuseA,811,576,0,2,7,0,1,256,Y,0,,,,0,Normal,93000
639,30,RL,67,,Gtl,1Story,7,1910,Gable,,0,CBlock,No,0,796,FuseA,796,0,0,1,4,0,0,0,P,164,,MnPrv,,0,Normal,85000
640,120,RL,53,,Gtl,1Story,5,2006,Hip,,0,PConc,Av,1154,1520,SBrkr,1567,0,0,1,7,1,3,648,Y,0,,,,0,Partial,264561
641,120,RL,62,,Gtl,1Story,5,,Hip,BrkFace,472,PConc,Gd,1218,1518,SBrkr,1518,0,0,1,6,1,2,588,Y,0,,,,0,Normal,274000
642,60,FV,,,Gtl,2Story,5,2001,Gable,,0,PConc,No,738,1057,SBrkr,1057,872,0,1,7,1,2,650,Y,0,,,,0,Normal,226000
643,80,RL,75,,Gtl,SLvl,7,,Gable,,,CBlock,Gd,1410,1952,SBrkr,2000,704,0,1,9,3,2,538,Y,0,,MnPrv,,0,Normal,345000
644,60,RL,80,,Gtl,2Story,5,1969,Mansard,BrkFace,263,CBlock,No,493,780,SBrkr,780,840,0,1,7,0,2,462,Y,0,,GdWo,,0,Normal,152000
645,20,FV,85,,Gtl,1Story,5,2009,Gable,Stone,162,PConc,Mn,1121,1766,SBrkr,,0,0,1,7,1,3,478,Y,0,,,,0,Partial,370878
646,20,RL,,,Gtl,1Story,5,1971,Hip,,0,CBlock,No,282,,SBrkr,981,0,0,1,5,0,2,,Y,40,,,,0,Normal,143250
647,20,RL,60,,Gtl,1Story,5,1950,Hip,,0,CBlock,,0,0,SBrkr,1048,0,0,1,7,0,2,420,Y,0,,,,0,Normal,98300
648,20,RL,85,,Gtl,1Story,5,1953,Hip,Stone,216,CBlock,Mn,500,1094,SBrkr,1094,0,0,1,5,2,,495,Y,0,,,,0,Normal,155000
649,60,RL,70,,Gtl,2Story,5,1966,Gable,BrkFace,351,CBlock,No,0,756,SBrkr,1051,788,0,1,7,1,2,442,Y,216,,,,0,Normal,155000
650,180,RM,21,,Gtl,SFoyer,6,1970,Gable,,0,CBlock,Av,131,630,SBrkr,630,0,0,1,3,0,0,0,Y,0,,MnPrv,,0,Normal,84500
651,60,FV,65,,Gtl,2Story,6,2007,Gable,,,PConc,No,0,813,SBrkr,822,843,0,1,7,0,2,562,Y,0,,,,0,Normal,205950
652,70,RL,60,,Gtl,2Story,5,1940,Gable,,0,CBlock,Mn,0,,SBrkr,755,755,0,1,7,1,1,296,P,0,,MnPrv,,0,Normal,108000
653,60,RL,70,,Gtl,2Story,5,1996,Gable,,,PConc,No,0,880,SBrkr,909,807,0,1,7,1,2,512,Y,0,,,,0,Normal,191000
654,50,RM,60,Grvl,Gtl,1.5Fin,7,,Gable,,0,CBlock,No,0,756,SBrkr,,713,0,1,7,0,1,216,Y,239,,MnPrv,,0,Normal,135000
655,20,RL,91,,Gtl,1Story,6,1995,Hip,BrkFace,660,PConc,Gd,1696,2109,SBrkr,2113,0,0,1,7,1,,839,Y,0,,,,0,Normal,350000
656,160,RM,21,,Gtl,2Story,5,1971,Gable,BrkFace,381,CBlock,No,0,525,SBrkr,,567,0,1,6,0,1,264,Y,0,,,,0,Family,88000
657,20,RL,72,,Gtl,1Story,7,1959,Gable,BrkFace,54,CBlock,No,,1053,SBrkr,1053,0,0,1,5,0,1,312,Y,0,,MnPrv,,0,Normal,145500
658,70,RL,60,,Mod,2Story,6,1931,Gable,,0,BrkTil,No,0,776,SBrkr,851,651,0,1,6,1,1,270,P,112,,MnPrv,,0,Normal,149000
659,50,RL,78,,Gtl,1.5Fin,5,1948,Gable,,0,CBlock,No,0,912,SBrkr,912,546,0,1,6,1,1,330,Y,0,,,,0,Abnorml,97500
660,20,RL,75,,Gtl,1Story,7,1964,Hip,,0,PConc,No,637,1486,SBrkr,1486,0,0,1,7,0,2,480,Y,0,,MnPrv,,0,Normal,167000
661,60,RL,,,Gtl,2Story,7,1976,Gable,BrkFace,233,CBlock,No,0,793,SBrkr,1142,793,0,1,7,1,2,550,Y,252,,,,0,Normal,197900
662,60,RL,52,,Gtl,2Story,7,1994,Hip,BrkFace,528,PConc,No,1361,1629,SBrkr,1686,762,0,1,8,1,3,711,Y,0,,,,0,Normal,402000
663,20,RL,120,,Gtl,1Story,3,1968,Hip,BrkFace,216,CBlock,No,0,1392,SBrkr,1392,0,0,1,5,2,2,576,Y,240,,,,0,Normal,110000
664,85,RL,90,,Gtl,SFoyer,5,1972,Gable,,0,CBlock,Av,920,1138,SBrkr,1181,0,0,1,6,0,2,588,Y,180,,MnPrv,,0,Normal,137500
665,20,RL,49,,Gtl,1Story,5,2005,Gable,,0,PConc,Mn,1721,2077,SBrkr,2097,0,0,1,8,1,3,1134,Y,0,,,,0,Partial,423000
666,60,RL,106,,Gtl,2Story,5,2000,Gable,BrkFace,40,PConc,No,0,1406,SBrkr,1454,482,0,1,7,1,2,504,Y,0,,,,0,Normal,230500
667,60,RL,,,Gtl,2Story,5,1965,Flat,BrkCmn,113,CBlock,No,187,1021,SBrkr,1465,915,0,1,7,1,2,596,Y,0,,,,0,Abnorml,129000
668,20,RL,65,,Gtl,1Story,5,1994,Gable,BrkFace,258,PConc,No,1138,1408,SBrkr,1679,0,0,1,7,1,2,575,Y,0,,,,0,Normal,193500
669,20,RL,,,Mod,1Story,6,1956,Gable,,0,CBlock,No,988,1188,SBrkr,1437,0,0,1,6,1,2,576,Y,0,,,,0,Normal,168000
670,30,RL,80,,Gtl,1Story,5,1922,Gable,,0,BrkTil,No,,700,SBrkr,1180,0,0,1,5,1,1,252,Y,67,,,,0,Normal,137500
671,60,RL,64,,Gtl,2Story,5,2005,Gable,,0,PConc,No,193,738,SBrkr,,738,0,1,7,0,2,540,Y,0,,,,0,Normal,173500
672,70,RH,54,,Gtl,2Story,6,1925,Gambrel,,0,BrkTil,No,551,672,SBrkr,697,672,0,1,6,0,1,300,Y,0,,,,0,Normal,103600
673,20,RL,,,Gtl,1Story,6,1977,Gable,,0,CBlock,No,767,1208,SBrkr,1208,0,0,1,6,1,,546,Y,0,,,,0,Normal,165000
674,20,RL,110,,Gtl,1Story,7,1957,Hip,BrkFace,106,PConc,No,1186,1477,SBrkr,1839,0,0,1,7,2,2,416,Y,0,,,,0,Normal,257500
675,20,RL,80,,Gtl,1Story,6,1965,Gable,,0,CBlock,No,892,1136,SBrkr,1136,0,0,1,5,1,1,384,Y,0,,,,0,Normal,140000
676,160,RL,24,,Gtl,2Story,6,1978,Gable,,0,CBlock,No,311,855,SBrkr,855,586,0,1,7,1,,,Y,0,,,,0,Normal,148500
677,70,RM,60,Grvl,Gtl,2Story,2,1900,Gable,,0,BrkTil,No,0,1095,SBrkr,1095,679,0,2,8,0,3,779,N,90,,,,0,Normal,87000
678,30,RL,52,,Gtl,1Story,8,,Gable,,,BrkTil,No,0,768,SBrkr,792,0,0,1,5,0,1,240,N,120,,,,0,Normal,109500
679,20,RL,80,,Gtl,1Story,5,2008,Hip,Stone,464,PConc,Mn,0,2046,SBrkr,2046,0,0,1,7,1,3,834,Y,0,,,,0,Partial,372500
680,20,RL,,,Gtl,1Story,5,1961,Hip,BrkFace,57,CBlock,No,827,988,SBrkr,988,0,0,1,5,0,2,,Y,0,,,,0,Normal,128500
681,120,RL,50,,Gtl,1Story,5,1980,Gable,,0,CBlock,No,543,923,SBrkr,923,0,0,1,5,1,,264,Y,0,,,,0,Normal,143000
682,50,RH,55,Pave,Gtl,1.5Fin,5,1932,Gable,,0,BrkTil,No,182,793,SBrkr,848,672,0,1,6,0,1,281,Y,56,,,,0,Abnorml,159434
683,120,RL,,,Gtl,1Story,5,1996,Gable,,0,PConc,Mn,1003,1291,SBrkr,1291,0,0,1,6,1,2,431,Y,0,,,,0,Normal,173000
684,20,RL,90,,Gtl,1Story,5,2002,Hip,Stone,215,PConc,Av,1059,1626,SBrkr,1668,0,0,1,7,1,,702,Y,0,,,,0,Normal,285000
685,60,RL,58,,Gtl,2Story,5,1998,Gable,BrkFace,30,PConc,No,0,1195,SBrkr,1195,644,0,1,7,0,2,486,Y,0,,,,0,Normal,221000
686,160,RL,,,Gtl,2Story,5,1984,Gable,,0,CBlock,Mn,828,1190,SBrkr,1190,900,0,1,6,1,2,577,Y,0,,,,0,Normal,207500
687,60,FV,84,,Gtl,2Story,6,2007,Gable,,0,PConc,No,0,874,SBrkr,,887,0,1,7,0,2,578,Y,0,,,,0,Partial,227875
688,160,FV,,,Gtl,2Story,5,2004,Gable,,0,PConc,No,239,551,SBrkr,551,551,0,1,4,0,2,480,Y,0,,,,0,Normal,148800
689,20,RL,60,,Gtl,1Story,6,2007,Gable,BrkFace,0,PConc,Av,945,1419,SBrkr,,0,0,1,7,1,2,567,Y,0,,,,0,Partial,392000
690,120,RL,61,,Gtl,1Story,5,2005,Gable,Stone,256,PConc,Av,20,1362,SBrkr,1362,0,0,1,6,1,2,460,Y,0,,,,0,Normal,194700
691,120,RM,,,Gtl,1Story,5,2004,Gable,BrkFace,147,PConc,Gd,,848,SBrkr,848,0,0,1,3,1,2,420,Y,0,,,,0,Normal,141000
692,60,RL,104,,Gtl,2Story,6,1994,Gable,BrkFace,1170,PConc,Gd,1455,2444,SBrkr,2444,1872,0,1,10,2,,832,Y,0,,,,0,Normal,755000
693,60,RL,42,,Mod,2Story,5,1989,Hip,BrkFace,293,PConc,Gd,965,1210,SBrkr,1238,1281,0,1,9,2,2,,Y,0,,,,0,Normal,335000
694,30,RL,60,,Sev,1Story,6,1921,Gable,,0,BrkTil,No,0,1073,SBrkr,1073,0,0,1,4,0,1,326,Y,112,,,,0,Abnorml,108480
695,50,RM,51,,Gtl,1.5Fin,6,1936,Gable,,0,BrkTil,No,0,927,SBrkr,1067,472,0,1,5,0,2,576,Y,0,,MnPrv,,0,Normal,141500
696,20,RL,54,,Gtl,1Story,6,1987,Gable,BrkFace,72,CBlock,No,980,1112,SBrkr,1137,0,0,1,5,1,2,551,Y,0,,,,0,Normal,176000
697,30,RM,50,,Gtl,1Story,7,1921,Gable,,0,CBlock,No,616,616,SBrkr,616,0,0,1,4,0,1,205,Y,129,,,,0,Normal,89000
698,20,RL,57,,Gtl,1Story,7,1952,Gable,,0,PConc,Mn,210,980,FuseA,1148,0,0,1,6,0,1,,Y,0,,,,0,Normal,123500
699,20,RL,65,,Gtl,1Story,8,1965,Gable,,0,CBlock,No,553,894,SBrkr,894,0,0,1,5,1,1,336,Y,0,,MnPrv,,0,Normal,138500
700,120,FV,59,Pave,Gtl,1Story,5,2004,Gable,,0,PConc,Mn,16,1391,SBrkr,1391,0,0,1,5,0,2,530,Y,0,,,,0,Normal,196000
701,20,RL,85,,Gtl,1Story,5,2002,Hip,BrkFace,630,PConc,Gd,1274,1800,SBrkr,1800,0,0,1,7,1,3,765,Y,0,,,,0,Normal,312500
702,20,RL,80,,Gtl,1Story,5,1969,Hip,BrkFace,,CBlock,No,0,1164,SBrkr,1164,0,0,1,6,0,2,,Y,0,,,,0,Normal,140000
703,60,RL,82,,Gtl,2Story,5,2006,Hip,BrkFace,466,PConc,No,,1234,SBrkr,1264,1312,0,1,10,1,3,666,Y,0,,,,0,Partial,361919
704,190,RM,76,,Gtl,2Story,9,1900,Gable,,0,BrkTil,No,,360,SBrkr,1032,780,0,2,8,1,,672,N,40,,MnPrv,,0,Normal,140000
705,20,RL,70,,Gtl,1Story,5,2004,Gable,BrkFace,,PConc,Av,712,1473,SBrkr,1484,0,0,1,7,0,2,606,Y,0,,,,0,Normal,213000
706,190,RM,70,,Gtl,2Story,5,1930,Hip,,0,Slab,,0,0,SBrkr,372,720,0,2,7,0,0,0,N,0,,,Othr,3500,Normal,55000
707,20,RL,,,Sev,1Story,5,1971,Gable,Stone,351,CBlock,Gd,1219,1643,SBrkr,1824,0,0,1,5,2,2,739,Y,0,,,,0,Normal,302000
708,120,RL,48,,Gtl,1Story,5,2006,Hip,BrkFace,176,PConc,No,863,,SBrkr,1324,0,0,1,6,1,2,550,Y,0,,,,0,Normal,254000
709,60,RL,65,,Gtl,2Story,5,2007,Hip,,0,PConc,Av,,728,SBrkr,728,728,0,1,8,1,2,400,Y,0,,,,0,Partial,179540
710,20,RL,,,Gtl,1Story,7,,Gable,BrkCmn,41,PConc,No,0,876,SBrkr,904,0,0,1,6,0,1,408,Y,0,,MnPrv,,0,Abnorml,109900
711,30,RL,56,,Gtl,1Story,6,1935,Gable,,0,CBlock,No,0,270,SBrkr,729,0,0,1,5,0,0,0,N,0,,,,0,Normal,52000
712,50,C (all),66,Pave,Mod,1.5Fin,7,,Gable,,,Stone,Mn,0,859,SBrkr,859,319,0,1,7,0,1,384,N,98,,,,0,Abnorml,102776
713,120,RL,40,,Gtl,1Story,5,1988,Gable,,0,PConc,Mn,767,,SBrkr,1228,0,0,1,5,1,2,472,Y,0,,,,0,Normal,189000
714,190,RL,60,,Gtl,1Story,5,1970,Gable,BrkFace,160,CBlock,Av,789,960,SBrkr,,0,0,1,6,0,2,576,Y,0,,,,0,Normal,129000
715,60,RL,,,Gtl,2Story,8,1976,Gable,BrkFace,,CBlock,No,533,725,SBrkr,725,754,0,1,6,0,2,475,Y,0,,,,0,Normal,130500
716,20,RL,78,,Gtl,1Story,5,1974,Hip,BrkFace,174,CBlock,No,0,1064,SBrkr,1350,0,0,1,7,1,2,478,Y,0,,MnPrv,,0,Normal,165000
717,70,RM,60,Grvl,Gtl,2Story,8,1890,Gable,,0,BrkTil,No,0,718,SBrkr,1576,978,0,1,8,0,2,704,P,143,,,,0,Normal,159500
718,20,RL,80,,Gtl,1Story,6,1973,Gable,,,CBlock,No,1084,1176,SBrkr,1178,0,0,1,5,1,2,439,Y,0,,MnPrv,,0,Normal,157000
719,60,RL,96,,Gtl,2Story,5,1993,Hip,BrkFace,651,PConc,Gd,1173,1311,SBrkr,1325,1093,0,1,9,1,3,983,Y,216,,,,0,Normal,341000
720,20,RL,69,,Gtl,1Story,6,1969,Gable,,,CBlock,Gd,523,971,SBrkr,971,0,0,1,5,1,1,,Y,0,,,,0,Normal,128500
721,120,RL,,,Mod,1Story,5,1985,Gable,,0,PConc,Gd,1148,1742,SBrkr,1742,0,0,1,5,1,,564,Y,234,,,,0,Normal,275000
722,120,RM,,,Gtl,1Story,5,2004,Gable,BrkFace,169,PConc,Av,662,848,SBrkr,848,0,0,1,3,0,2,,Y,0,,,,0,Normal,143000
723,20,RL,70,,Gtl,1Story,7,1970,Gable,,0,CBlock,No,191,864,SBrkr,864,0,0,1,5,0,2,463,Y,0,,,,0,Normal,124500
724,50,RL,60,,Gtl,1.5Fin,6,1954,Gable,,0,PConc,No,0,941,SBrkr,997,473,0,1,7,0,1,,Y,0,,,,0,Normal,135000
725,20,RL,86,,Gtl,1Story,5,2007,Hip,Stone,340,PConc,No,1234,1698,SBrkr,1698,0,0,1,8,1,3,768,Y,0,,,,0,Normal,320000
726,20,RL,60,,Gtl,1Story,6,1970,Gable,,0,CBlock,No,,864,SBrkr,864,0,0,1,5,0,2,,Y,0,,,Shed,500,Normal,120500
727,20,RL,,,Gtl,1Story,9,1988,Hip,BrkFace,,CBlock,No,808,880,SBrkr,1680,0,0,1,5,1,2,540,Y,0,,,,0,Normal,222000
728,20,RL,64,,Gtl,1Story,5,2007,Gable,Stone,82,PConc,Av,724,1232,SBrkr,1232,0,0,1,6,0,2,632,Y,0,,,,0,Normal,194500
729,90,RL,85,,Gtl,1Story,5,1958,Gable,BrkFace,95,CBlock,No,0,1584,SBrkr,1776,0,0,2,9,0,3,888,Y,0,,,,0,Abnorml,110000
730,30,RM,52,Grvl,Gtl,1.5Fin,5,1925,Gable,,,CBlock,No,152,,FuseA,848,0,360,1,5,0,2,539,Y,112,,,,0,Normal,103000
731,120,RL,39,,Gtl,1Story,5,1995,Gable,,0,PConc,No,1180,1595,SBrkr,1616,0,0,1,5,1,,608,Y,0,,,,0,Normal,236500
732,80,RL,73,,Gtl,SLvl,5,2003,Gable,BrkFace,442,PConc,Av,786,868,SBrkr,1146,0,0,1,6,1,2,438,Y,0,,,,0,Normal,187500
733,60,RL,75,,Gtl,2Story,5,1998,Gable,BrkFace,202,PConc,Av,252,1153,SBrkr,,878,0,1,8,1,2,541,Y,0,,,,0,Normal,222500
734,20,RL,80,,Gtl,1Story,6,1961,Hip,,0,CBlock,No,594,864,SBrkr,1144,0,0,1,6,1,,264,Y,0,,GdWo,Shed,400,Normal,131400
735,20,RL,,,Gtl,1Story,5,1968,Gable,,0,PConc,No,0,948,SBrkr,948,0,0,1,6,0,1,300,Y,0,,,,0,Family,108000
736,75,RM,60,,Gtl,2.5Unf,7,1914,Gable,,0,BrkTil,Mn,390,880,SBrkr,880,888,0,1,6,2,2,320,N,0,,,,0,Normal,163000
737,90,RL,60,,Gtl,1Story,4,1950,Gable,,,CBlock,,0,0,FuseF,1040,0,0,2,6,0,2,400,Y,0,,,,0,Normal,93500
738,60,RL,72,,Gtl,2Story,5,2005,Gable,,,PConc,No,0,893,SBrkr,901,900,0,1,8,1,3,800,Y,0,,,,0,Normal,239900
739,90,RL,60,,Gtl,1Story,5,1987,Gable,,0,CBlock,Gd,,1200,SBrkr,,0,0,1,5,0,,0,Y,0,,,,0,Alloca,179000
740,60,RL,65,,Gtl,2Story,5,2004,Gable,,0,PConc,No,0,864,SBrkr,864,864,0,1,7,0,2,572,Y,0,,,,0,Normal,190000
741,70,RM,60,Grvl,Gtl,2Story,7,1910,Gable,,,BrkTil,No,0,,SBrkr,768,664,0,1,7,0,2,360,Y,112,,GdPrv,,0,Abnorml,132000
742,20,RL,65,,Gtl,1Story,8,,Hip,,0,CBlock,Mn,832,912,SBrkr,912,0,0,1,5,0,1,288,Y,0,,GdPrv,,0,Normal,142000
743,20,RL,65,,Gtl,1Story,5,2000,Gable,BrkFace,108,PConc,No,0,1349,SBrkr,1349,0,0,1,6,0,2,539,Y,0,,GdPrv,,0,Normal,179000
744,80,RL,70,,Gtl,SLvl,6,1963,Gable,,0,CBlock,Av,444,,SBrkr,1464,0,0,1,6,1,2,480,Y,0,,,,0,Normal,175000
745,120,RL,41,,Gtl,1Story,5,1993,Gable,,0,PConc,No,733,1337,SBrkr,1337,0,0,1,5,1,2,462,Y,70,,,,0,Normal,180000
746,60,RL,,,Gtl,2Story,9,1976,Hip,BrkFace,289,CBlock,No,575,1142,SBrkr,,1540,0,1,11,2,,831,Y,0,,,,0,Normal,299800
747,60,RL,,,Gtl,2Story,5,2000,Gable,,0,PConc,No,300,952,SBrkr,980,1276,0,1,8,1,2,554,Y,0,,,,0,Normal,236000
748,70,RM,65,Pave,Gtl,2Story,7,1880,Mansard,,0,Stone,No,0,1240,SBrkr,1320,1320,0,1,8,1,4,864,N,386,,,,0,Normal,265979
749,20,RL,59,,Gtl,1Story,5,1996,Hip,BrkFace,338,PConc,No,919,1720,SBrkr,1720,0,0,1,7,1,2,527,Y,154,,,,0,Normal,260400
750,50,RL,50,,Gtl,1.5Fin,3,1945,Gable,,0,Slab,,0,0,FuseF,1088,441,0,1,9,0,1,240,N,185,,,,0,Normal,98000
751,50,RM,55,Grvl,Gtl,1.5Fin,7,1910,Gable,,0,BrkTil,No,0,576,SBrkr,792,348,0,1,7,0,0,,N,0,,,,0,Normal,96500
752,60,RL,,,Gtl,2Story,5,2003,Gable,,0,PConc,No,0,660,SBrkr,660,660,0,1,6,0,2,,Y,0,,,,0,Normal,162000
753,20,RL,79,,Gtl,1Story,5,1997,Gable,,0,PConc,Gd,1200,,SBrkr,1494,0,0,1,6,0,2,576,Y,0,,,,0,Normal,217000
754,60,RL,80,,Gtl,2Story,5,2005,Gable,BrkFace,178,PConc,Mn,0,,SBrkr,1038,1060,0,1,8,1,3,878,Y,0,,,,0,Normal,275500
755,20,RL,61,,Gtl,1Story,8,1969,Gable,,0,CBlock,No,439,,SBrkr,1026,0,0,1,5,0,2,440,Y,0,,,,0,Normal,156000
756,160,FV,34,Pave,Gtl,2Story,5,1999,Gable,BrkFace,894,PConc,No,381,729,SBrkr,742,729,0,1,6,0,2,440,Y,0,,,,0,Normal,172500
757,60,RL,68,,Gtl,2Story,5,2007,Gable,,0,PConc,Av,20,,SBrkr,866,902,0,1,7,0,2,578,Y,0,,,,0,Normal,212000
758,60,RL,,,Gtl,2Story,5,1978,Hip,BrkCmn,328,CBlock,Mn,438,672,SBrkr,672,714,0,1,6,1,2,440,Y,0,,GdPrv,,0,Abnorml,158900
759,160,FV,24,Pave,Gtl,2Story,5,1999,Gable,BrkFace,360,PConc,No,549,744,SBrkr,757,744,0,1,6,0,,,Y,0,,,,0,Normal,179400
760,60,RL,65,,Gtl,2Story,5,1995,Gable,BrkFace,513,PConc,Av,56,1318,SBrkr,1328,1203,0,1,9,1,3,752,Y,0,,,,0,Normal,290000
761,20,RL,70,,Gtl,1Story,6,1959,Hip,,0,CBlock,No,612,864,SBrkr,864,0,0,1,5,0,1,300,Y,0,,,Shed,450,Normal,127500
762,30,RM,60,,Gtl,1Story,5,1924,Gable,,0,PConc,Mn,405,1145,SBrkr,1301,0,0,1,5,0,2,440,Y,0,,,,0,Normal,100000
763,60,FV,72,,Gtl,2Story,5,2009,Gable,,0,PConc,Mn,24,756,SBrkr,764,783,0,1,7,0,2,614,Y,0,,,,0,Normal,215200
764,60,RL,82,,Gtl,2Story,5,1999,Gable,BrkFace,673,PConc,Mn,1163,1252,SBrkr,1268,1097,0,1,8,1,3,856,Y,0,,,,0,Normal,337000
765,120,RL,30,,Gtl,1Story,5,1995,Hip,,0,PConc,Av,437,1494,SBrkr,1494,0,0,1,6,1,2,481,Y,0,,,,0,Normal,270000
766,20,RL,75,,Gtl,1Story,5,2008,Gable,Stone,284,PConc,No,0,1498,SBrkr,1506,0,0,1,6,1,2,592,Y,0,,,,0,Partial,264132
767,60,RL,80,,Gtl,2Story,5,,Gable,BrkFace,42,CBlock,No,394,980,SBrkr,980,734,0,1,7,1,2,496,Y,156,,MnPrv,Shed,500,Normal,196500
768,50,RL,75,,Gtl,1.5Fin,7,1940,Gable,,0,CBlock,Mn,660,983,SBrkr,983,767,0,1,7,0,1,423,Y,156,,,Shed,1300,Normal,160000
769,20,RL,70,,Gtl,1Story,5,2004,Hip,,0,PConc,No,24,1860,SBrkr,1836,0,0,1,8,1,2,484,Y,0,,,,0,Normal,216837
770,60,RL,47,,Mod,2Story,5,2003,Hip,BrkFace,603,PConc,Gd,1416,,SBrkr,1690,1589,0,1,12,1,3,841,Y,0,,,,0,Normal,538000
771,85,RL,,,Gtl,SFoyer,5,1982,Hip,,0,CBlock,Av,,858,SBrkr,858,0,0,1,5,0,2,576,Y,0,,,,0,Normal,134900
772,20,RL,67,,Gtl,1Story,5,1951,Gable,,0,CBlock,No,836,836,FuseF,1220,0,0,1,6,0,2,396,Y,0,,,,0,Normal,102000
773,80,RL,94,,Gtl,SLvl,5,1976,Gable,,,CBlock,Av,422,,SBrkr,1117,0,0,1,6,1,2,,Y,0,,MnPrv,,0,Abnorml,107000
774,20,RL,70,,Gtl,1Story,5,1958,Gable,,1,CBlock,No,456,912,FuseA,912,0,0,1,5,0,1,275,Y,0,,,,0,Normal,114500
775,20,RL,110,,Gtl,1Story,5,,Hip,BrkFace,375,PConc,Av,0,,SBrkr,1973,0,0,1,9,1,3,895,Y,0,,,,0,Partial,395000
776,120,RM,32,,Gtl,1Story,5,1998,Hip,BrkFace,320,PConc,No,866,1204,SBrkr,1204,0,0,1,5,0,,412,Y,0,,,,0,Normal,162000
777,20,RL,86,,Gtl,1Story,5,2005,Gable,BrkFace,240,PConc,Av,20,1614,SBrkr,1614,0,0,1,7,0,,865,Y,0,,,,0,Partial,221500
778,20,RL,100,,Gtl,1Story,5,1974,Hip,,0,CBlock,No,762,864,SBrkr,894,0,0,1,5,1,2,440,Y,0,,MnPrv,,0,Normal,142500
779,90,RH,60,,Gtl,1Story,5,1977,Gable,BrkFace,320,Slab,,0,0,SBrkr,,0,0,2,10,2,2,630,Y,0,,,,0,Normal,144000
780,90,RL,78,,Gtl,SFoyer,5,1977,Gable,BrkFace,90,CBlock,Gd,,975,SBrkr,1004,0,0,1,4,0,2,504,Y,0,,,,0,Normal,135000
781,20,RL,63,,Gtl,1Story,5,1995,Gable,BrkFace,38,PConc,No,0,1237,SBrkr,1253,0,0,1,6,1,2,402,Y,0,,,,0,Normal,176000
782,60,RL,65,,Gtl,2Story,5,1992,Gable,,0,PConc,No,387,761,SBrkr,810,793,0,1,7,0,,484,Y,0,,,,0,Normal,175900
783,20,RL,67,,Gtl,1Story,5,2001,Gable,,0,PConc,No,0,1413,SBrkr,1430,0,0,1,6,0,2,605,Y,0,,,,0,Normal,187100
784,85,RL,,,Gtl,SFoyer,6,1978,Gable,BrkFace,104,PConc,Av,1097,1097,SBrkr,1110,0,0,1,4,1,2,602,Y,0,,,,0,Normal,165500
785,75,RM,35,Grvl,Gtl,2.5Unf,6,1914,Gable,,0,CBlock,No,0,742,SBrkr,742,742,0,1,9,1,0,0,Y,134,,,,0,Normal,128000
786,20,RL,,,Gtl,1Story,5,1967,Gable,,0,CBlock,No,251,,SBrkr,1342,0,0,1,7,1,2,457,Y,0,,,,0,Normal,161500
787,50,RM,60,,Gtl,1.5Fin,6,1915,Gable,,0,PConc,No,686,686,SBrkr,966,686,0,1,7,0,,416,Y,196,,,Shed,1200,Normal,139000
788,60,RL,76,,Gtl,2Story,5,2004,Gable,,0,PConc,No,656,956,SBrkr,956,1128,0,1,8,0,2,618,Y,0,,,,0,Normal,233000
789,20,RM,50,,Gtl,1Story,7,1954,Gable,,0,CBlock,No,0,901,SBrkr,901,0,0,1,4,0,1,281,Y,0,,,,0,Normal,107900
790,60,RL,,,Gtl,2Story,8,1966,Gable,BrkFace,157,CBlock,Gd,,832,SBrkr,976,1111,0,1,9,0,2,444,Y,0,,,,0,Normal,187500
791,120,RL,43,,Gtl,1Story,5,2005,Gable,BrkFace,11,PConc,No,16,1145,SBrkr,1145,0,0,1,5,1,2,397,Y,0,,,,0,Normal,160200
792,80,RL,,,Gtl,SLvl,5,1976,Gable,,0,PConc,Av,539,,SBrkr,1062,0,0,1,5,2,2,539,Y,0,,,,0,Normal,146800
793,60,RL,92,,Gtl,2Story,5,1996,Gable,,0,PConc,Av,862,,SBrkr,1127,886,0,1,8,1,2,455,Y,0,,,,0,Normal,269790
794,20,RL,76,,Gtl,1Story,5,2007,Gable,Stone,140,PConc,Av,0,1496,SBrkr,1496,0,0,1,7,0,2,474,Y,0,,,,0,Partial,225000
795,60,RL,,,Gtl,2Story,5,1994,Gable,,0,PConc,No,0,712,SBrkr,1086,809,0,1,7,1,2,,Y,0,,,Shed,500,Normal,194500
796,60,RL,70,,Gtl,2Story,6,1980,Gable,BrkFace,130,CBlock,No,0,650,SBrkr,888,676,0,1,7,1,2,476,Y,0,,MnPrv,,0,Normal,171000
797,20,RL,71,,Gtl,1Story,5,1977,Gable,BrkFace,148,CBlock,No,0,660,SBrkr,1285,0,0,1,7,1,2,528,Y,0,,MnPrv,,0,Normal,143500
798,20,RL,57,,Gtl,1Story,5,,Gable,,0,CBlock,No,570,,SBrkr,773,0,0,1,4,0,1,240,Y,0,,,,0,Abnorml,110000
799,60,RL,104,,Gtl,2Story,5,2008,Hip,Stone,860,PConc,No,0,1926,SBrkr,1966,1174,0,1,11,2,3,820,Y,0,,,,0,Partial,485000
