student_id,name,physics,chemistry,math,biology,english
1,Student_1,86.0,37.0,48.0,82.0,79.0
2,Student_2,49.0,85.0,82.0,57.0,96.0
3,Student_3,95.0,41.0,49.0,96.0,91.0
4,Student_4,55.0,55.0,96.0,71.0,40.0
5,Student_5,58.0,,74.0,78.0,62.0
6,Student_6,37.0,52.0,87.0,,62.0
7,Student_7,56.0,38.0,,99.0,
8,Student_8,87.0,94.0,60.0,81.0,64.0
9,Student_9,,48.0,94.0,37.0,
10,Student_10,64.0,43.0,75.0,,96.0
11,Student_11,72.0,87.0,,39.0,35.0
12,Student_12,36.0,36.0,49.0,48.0,61.0
13,Student_13,98.0,94.0,79.0,,96.0
14,Student_14,94.0,78.0,99.0,43.0,37.0
15,Student_15,55.0,42.0,43.0,49.0,61.0
16,Student_16,,81.0,35.0,76.0,43.0
17,Student_17,92.0,69.0,42.0,85.0,96.0
18,Student_18,,70.0,97.0,97.0,71.0
19,Student_19,83.0,84.0,,86.0,85.0
20,Student_20,93.0,38.0,42.0,38.0,78.0
21,Student_21,76.0,,69.0,,
22,Student_22,94.0,,69.0,49.0,93.0
23,Student_23,49.0,88.0,67.0,77.0,66.0
24,Student_24,96.0,38.0,,63.0,86.0
25,Student_25,96.0,88.0,75.0,70.0,96.0
26,Student_26,81.0,97.0,62.0,47.0,92.0
27,Student_27,96.0,52.0,41.0,66.0,86.0
28,Student_28,85.0,78.0,46.0,93.0,46.0
29,Student_29,89.0,68.0,68.0,62.0,73.0
30,Student_30,,,67.0,76.0,
